ID,Word,Sentence,Correct Sense,Definition
1,bank,She deposited her paycheck at the bank on Friday afternoon.,financial institution,an organization that stores and lends money
2,bank,He applied for a mortgage at the local bank.,financial institution,an organization that stores and lends money
3,bank,The bank approved his loan request within two days.,financial institution,an organization that stores and lends money
4,bank,They opened a joint account at the bank downtown.,financial institution,an organization that stores and lends money
5,bank,The bank charges a monthly fee for low-balance accounts.,financial institution,an organization that stores and lends money
6,bank,She transferred funds between accounts at the bank.,financial institution,an organization that stores and lends money
7,bank,The bank offered competitive interest rates on savings.,financial institution,an organization that stores and lends money
8,bank,He withdrew cash from the bank before the weekend.,financial institution,an organization that stores and lends money
9,bank,The bank notified her of suspicious activity on her account.,financial institution,an organization that stores and lends money
10,bank,They met with a financial advisor at the bank.,financial institution,an organization that stores and lends money
11,bank,The new bank branch opened on the high street last month.,financial institution,an organization that stores and lends money
12,bank,She paid off her credit card balance at the bank.,financial institution,an organization that stores and lends money
13,bank,The bank increased its prime lending rate.,financial institution,an organization that stores and lends money
14,bank,He set up automatic payments through his bank.,financial institution,an organization that stores and lends money
15,bank,The bank's mobile app makes transfers very convenient.,financial institution,an organization that stores and lends money
16,bank,He sat on the bank of the river watching the sunset.,river bank,the sloping land beside a body of water
17,bank,The children played on the grassy bank near the stream.,river bank,the sloping land beside a body of water
18,bank,Wildflowers grew along the bank of the canal.,river bank,the sloping land beside a body of water
19,bank,She spread a blanket on the bank for a picnic.,river bank,the sloping land beside a body of water
20,bank,The fisherman stood at the bank casting his line.,river bank,the sloping land beside a body of water
21,bank,The boat was tied to a post on the bank.,river bank,the sloping land beside a body of water
22,bank,Heavy rain caused the bank to erode over time.,river bank,the sloping land beside a body of water
23,bank,Ducks waddled along the muddy bank of the pond.,river bank,the sloping land beside a body of water
24,bank,"Trees lined the bank, providing shade in summer.",river bank,the sloping land beside a body of water
25,bank,He found smooth pebbles along the bank of the creek.,river bank,the sloping land beside a body of water
26,bank,The bank of the river was steep and slippery after rain.,river bank,the sloping land beside a body of water
27,bank,Otters were spotted playing on the bank at dawn.,river bank,the sloping land beside a body of water
28,bank,She sketched the view from the opposite bank.,river bank,the sloping land beside a body of water
29,bank,The flood waters reached the top of the bank.,river bank,the sloping land beside a body of water
30,bank,Reeds grew thickly along the bank of the lake.,river bank,the sloping land beside a body of water
31,bank,The pilot banked the aircraft sharply to the left.,to tilt,to tilt an aircraft or vehicle sideways when turning
32,bank,The plane banked smoothly before lining up for landing.,to tilt,to tilt an aircraft or vehicle sideways when turning
33,bank,He banked the car around the curve at speed.,to tilt,to tilt an aircraft or vehicle sideways when turning
34,bank,The fighter jet banked steeply during the aerial display.,to tilt,to tilt an aircraft or vehicle sideways when turning
35,bank,She watched the eagle bank on a warm thermal current.,to tilt,to tilt an aircraft or vehicle sideways when turning
36,bank,The helicopter banked to avoid the tall building.,to tilt,to tilt an aircraft or vehicle sideways when turning
37,bank,The stunt pilot banked the biplane into a steep dive.,to tilt,to tilt an aircraft or vehicle sideways when turning
38,bank,The aircraft banked right as it approached the runway.,to tilt,to tilt an aircraft or vehicle sideways when turning
39,bank,He banked the motorbike through the winding mountain road.,to tilt,to tilt an aircraft or vehicle sideways when turning
40,bank,The glider banked gracefully in the afternoon sky.,to tilt,to tilt an aircraft or vehicle sideways when turning
41,bank,The pilot banked to give passengers a better view.,to tilt,to tilt an aircraft or vehicle sideways when turning
42,bank,The small plane banked hard to avoid the storm clouds.,to tilt,to tilt an aircraft or vehicle sideways when turning
43,bank,She banked the drone to capture a new angle.,to tilt,to tilt an aircraft or vehicle sideways when turning
44,bank,The simulator let him practice banking the aircraft safely.,to tilt,to tilt an aircraft or vehicle sideways when turning
45,bank,The commercial jet banked over the ocean before descending.,to tilt,to tilt an aircraft or vehicle sideways when turning
46,bat,He swung the bat and connected with a powerful hit.,sports equipment,a club used to hit a ball in cricket or baseball
47,bat,She bought a new cricket bat before the season.,sports equipment,a club used to hit a ball in cricket or baseball
48,bat,The bat was made from a single piece of willow.,sports equipment,a club used to hit a ball in cricket or baseball
49,bat,He oiled his bat to keep the wood from cracking.,sports equipment,a club used to hit a ball in cricket or baseball
50,bat,The batter stepped up with the bat resting on his shoulder.,sports equipment,a club used to hit a ball in cricket or baseball
51,bat,She gripped the bat tightly as the pitcher wound up.,sports equipment,a club used to hit a ball in cricket or baseball
52,bat,The bat made a sharp crack as it hit the ball.,sports equipment,a club used to hit a ball in cricket or baseball
53,bat,His favorite bat was signed by a famous cricketer.,sports equipment,a club used to hit a ball in cricket or baseball
54,bat,The children practiced hitting with a foam bat.,sports equipment,a club used to hit a ball in cricket or baseball
55,bat,He left his bat in the locker room after the game.,sports equipment,a club used to hit a ball in cricket or baseball
56,bat,She tapped the bat on the ground before each swing.,sports equipment,a club used to hit a ball in cricket or baseball
57,bat,The wooden bat splintered on a fast inside pitch.,sports equipment,a club used to hit a ball in cricket or baseball
58,bat,He swapped to a lighter bat to improve his speed.,sports equipment,a club used to hit a ball in cricket or baseball
59,bat,The coach adjusted her grip on the bat.,sports equipment,a club used to hit a ball in cricket or baseball
60,bat,He ran out of the pavilion carrying his bat after a century.,sports equipment,a club used to hit a ball in cricket or baseball
61,bat,A bat flew silently out of the cave at dusk.,flying mammal,a nocturnal flying mammal that uses echolocation
62,bat,She spotted a bat hunting moths near the streetlamp.,flying mammal,a nocturnal flying mammal that uses echolocation
63,bat,The bat used echolocation to navigate in total darkness.,flying mammal,a nocturnal flying mammal that uses echolocation
64,bat,A colony of bats lived in the old church belfry.,flying mammal,a nocturnal flying mammal that uses echolocation
65,bat,He watched the bat swoop and dive over the pond.,flying mammal,a nocturnal flying mammal that uses echolocation
66,bat,The bat disappeared into the night after catching an insect.,flying mammal,a nocturnal flying mammal that uses echolocation
67,bat,Bats are important pollinators in many tropical ecosystems.,flying mammal,a nocturnal flying mammal that uses echolocation
68,bat,She was startled when a bat flew close to her head.,flying mammal,a nocturnal flying mammal that uses echolocation
69,bat,The bat hung upside down from the cave ceiling all day.,flying mammal,a nocturnal flying mammal that uses echolocation
70,bat,Scientists tagged the bat to track its migration pattern.,flying mammal,a nocturnal flying mammal that uses echolocation
71,bat,The brown bat roosted under the eaves of the barn.,flying mammal,a nocturnal flying mammal that uses echolocation
72,bat,"He learned that most bats eat insects, not blood.",flying mammal,a nocturnal flying mammal that uses echolocation
73,bat,The fruit bat spread seeds by eating and flying far.,flying mammal,a nocturnal flying mammal that uses echolocation
74,bat,A bat was found in the attic during the inspection.,flying mammal,a nocturnal flying mammal that uses echolocation
75,bat,The little bat could eat hundreds of mosquitoes in one night.,flying mammal,a nocturnal flying mammal that uses echolocation
76,spring,Flowers bloomed all over the park in the spring.,season,the season between winter and summer when plants begin to grow
77,spring,She planted tomatoes in her garden every spring.,season,the season between winter and summer when plants begin to grow
78,spring,The birds returned from migration in early spring.,season,the season between winter and summer when plants begin to grow
79,spring,Spring brought warmer temperatures and longer days.,season,the season between winter and summer when plants begin to grow
80,spring,He looked forward to spring after a long cold winter.,season,the season between winter and summer when plants begin to grow
81,spring,The countryside turned green almost overnight in spring.,season,the season between winter and summer when plants begin to grow
82,spring,She cleaned the entire house from top to bottom in spring.,season,the season between winter and summer when plants begin to grow
83,spring,Spring showers helped fill the reservoirs.,season,the season between winter and summer when plants begin to grow
84,spring,The lambs were born on the farm each spring.,season,the season between winter and summer when plants begin to grow
85,spring,He traded his heavy coat for a light jacket in spring.,season,the season between winter and summer when plants begin to grow
86,spring,Spring evenings were perfect for sitting outside.,season,the season between winter and summer when plants begin to grow
87,spring,The school arranged a trip to the botanical garden every spring.,season,the season between winter and summer when plants begin to grow
88,spring,Allergies flared up for many people in the spring.,season,the season between winter and summer when plants begin to grow
89,spring,She enjoyed watching the cherry blossoms open in spring.,season,the season between winter and summer when plants begin to grow
90,spring,The cricket season officially started in spring.,season,the season between winter and summer when plants begin to grow
91,spring,The spring inside the clock keeps the mechanism running.,coiled device,a coiled metal object that stores mechanical energy
92,spring,He replaced the broken spring in the car's suspension.,coiled device,a coiled metal object that stores mechanical energy
93,spring,The spring compressed when weight was placed on the mattress.,coiled device,a coiled metal object that stores mechanical energy
94,spring,A worn spring caused the pen to stop clicking properly.,coiled device,a coiled metal object that stores mechanical energy
95,spring,She stretched the spring too far and it lost tension.,coiled device,a coiled metal object that stores mechanical energy
96,spring,The engineer designed a spring to absorb shock in the device.,coiled device,a coiled metal object that stores mechanical energy
97,spring,The spring in the toy car launched it across the floor.,coiled device,a coiled metal object that stores mechanical energy
98,spring,He needed a replacement spring for the old wind-up watch.,coiled device,a coiled metal object that stores mechanical energy
99,spring,The garage door would not open because the spring had snapped.,coiled device,a coiled metal object that stores mechanical energy
100,spring,The spring in the mousetrap was loaded and ready.,coiled device,a coiled metal object that stores mechanical energy
101,spring,She tested the spring's tension with a force meter.,coiled device,a coiled metal object that stores mechanical energy
102,spring,The coil spring helped cushion the seat of the bicycle.,coiled device,a coiled metal object that stores mechanical energy
103,spring,The spring released all its stored energy at once.,coiled device,a coiled metal object that stores mechanical energy
104,spring,He lubricated the spring to prevent it from rusting.,coiled device,a coiled metal object that stores mechanical energy
105,spring,The spring in the retractable pen wore out after a year.,coiled device,a coiled metal object that stores mechanical energy
106,spring,Villagers collected fresh water from the mountain spring.,water source,a place where water flows naturally from the ground
107,spring,The spring bubbled up through the limestone rocks.,water source,a place where water flows naturally from the ground
108,spring,She filled her bottle from a natural spring on the trail.,water source,a place where water flows naturally from the ground
109,spring,The spring had been flowing for hundreds of years.,water source,a place where water flows naturally from the ground
110,spring,Hikers relied on the spring for water during long treks.,water source,a place where water flows naturally from the ground
111,spring,The water from the spring was clean and very cold.,water source,a place where water flows naturally from the ground
112,spring,A spring fed the small pond at the edge of the meadow.,water source,a place where water flows naturally from the ground
113,spring,He discovered a spring while digging in the hillside.,water source,a place where water flows naturally from the ground
114,spring,The ancient town was built around a reliable spring.,water source,a place where water flows naturally from the ground
115,spring,She tested the water quality of the spring each season.,water source,a place where water flows naturally from the ground
116,spring,The spring dried up during the severe drought that summer.,water source,a place where water flows naturally from the ground
117,spring,Locals believed the water from the spring had healing powers.,water source,a place where water flows naturally from the ground
118,spring,The farm drew its irrigation water from a nearby spring.,water source,a place where water flows naturally from the ground
119,spring,He camped near the spring to have easy access to water.,water source,a place where water flows naturally from the ground
120,spring,The spring attracted wildlife from miles around.,water source,a place where water flows naturally from the ground
121,spring,The cat sprang from the couch and landed on the windowsill.,to jump,to move suddenly upward or forward with energy
122,spring,She sprang to her feet when her name was called.,to jump,to move suddenly upward or forward with energy
123,spring,He sprang into action the moment the alarm sounded.,to jump,to move suddenly upward or forward with energy
124,spring,The athlete sprang over the hurdle with ease.,to jump,to move suddenly upward or forward with energy
125,spring,The puppy sprang up to greet its owner at the door.,to jump,to move suddenly upward or forward with energy
126,spring,She sprang back in surprise when the door opened suddenly.,to jump,to move suddenly upward or forward with energy
127,spring,He sprang forward to catch the falling vase.,to jump,to move suddenly upward or forward with energy
128,spring,The frog sprang from the lily pad into the water.,to jump,to move suddenly upward or forward with energy
129,spring,She sprang onto the stage as the crowd cheered.,to jump,to move suddenly upward or forward with energy
130,spring,He sprang out of bed to answer the early morning call.,to jump,to move suddenly upward or forward with energy
131,spring,The rabbit sprang away at the sound of footsteps.,to jump,to move suddenly upward or forward with energy
132,spring,She sprang aside to avoid the bicycle coming toward her.,to jump,to move suddenly upward or forward with energy
133,spring,He sprang to the top of the wall in one fluid motion.,to jump,to move suddenly upward or forward with energy
134,spring,The deer sprang over the fence and disappeared.,to jump,to move suddenly upward or forward with energy
135,spring,She sprang lightly from stone to stone across the stream.,to jump,to move suddenly upward or forward with energy
136,change,She changed her hairstyle for the first time in years.,to make different,to make or become different in some way
137,change,He changed the channel when the news came on.,to make different,to make or become different in some way
138,change,She changed her mind about moving abroad.,to make different,to make or become different in some way
139,change,He changed the tyres before the winter set in.,to make different,to make or become different in some way
140,change,She changed her name after getting married.,to make different,to make or become different in some way
141,change,He changed the subject whenever it came up.,to make different,to make or become different in some way
142,change,She changed her approach after the initial strategy failed.,to make different,to make or become different in some way
143,change,He changed the batteries in the smoke detector.,to make different,to make or become different in some way
144,change,She changed the meeting time to accommodate everyone.,to make different,to make or become different in some way
145,change,He changed jobs three times in five years.,to make different,to make or become different in some way
146,change,She changed her diet after the doctor's advice.,to make different,to make or become different in some way
147,change,He changed the password on all his accounts.,to make different,to make or become different in some way
148,change,She changed the locks after the break-in.,to make different,to make or become different in some way
149,change,He changed his opinion once he saw the evidence.,to make different,to make or become different in some way
150,change,She changed the layout of the office to improve flow.,to make different,to make or become different in some way
151,change,She dug through her handbag for change to pay the meter.,coins,small denomination coins
152,change,He kept a jar of change on the kitchen counter.,coins,small denomination coins
153,change,She asked the shopkeeper if he had change for a ten pound note.,coins,small denomination coins
154,change,He dropped his change on the floor of the bus.,coins,small denomination coins
155,change,She saved loose change in a piggy bank for years.,coins,small denomination coins
156,change,He used the last of his change to buy a newspaper.,coins,small denomination coins
157,change,She found some change in the pocket of her old coat.,coins,small denomination coins
158,change,He tipped the waiter with the change from his wallet.,coins,small denomination coins
159,change,She could not pay exactly because she had no change.,coins,small denomination coins
160,change,He sorted his change into different denominations.,coins,small denomination coins
161,change,She fed the parking machine with exact change.,coins,small denomination coins
162,change,He left the change on the counter as a tip.,coins,small denomination coins
163,change,She gave the busker the change from her coffee.,coins,small denomination coins
164,change,He ran out of change before the laundry was finished.,coins,small denomination coins
165,change,She offered to break a note to get change for the bus.,coins,small denomination coins
166,change,The cashier gave her the wrong change for the transaction.,money returned,money returned when you pay more than the cost of an item
167,change,He counted the change before leaving the till.,money returned,money returned when you pay more than the cost of an item
168,change,She realised the change was short by fifty pence.,money returned,money returned when you pay more than the cost of an item
169,change,He tucked the change into his jacket pocket.,money returned,money returned when you pay more than the cost of an item
170,change,She asked for her change in coins rather than a note.,money returned,money returned when you pay more than the cost of an item
171,change,He left the change on the counter and said keep it.,money returned,money returned when you pay more than the cost of an item
172,change,She double-checked the change before walking away.,money returned,money returned when you pay more than the cost of an item
173,change,He was short-changed and went back to complain.,money returned,money returned when you pay more than the cost of an item
174,change,She received her change in an envelope at the checkout.,money returned,money returned when you pay more than the cost of an item
175,change,He handed over a note and waited for his change.,money returned,money returned when you pay more than the cost of an item
176,change,She calculated that the change was correct.,money returned,money returned when you pay more than the cost of an item
177,change,He gave the exact amount to avoid waiting for change.,money returned,money returned when you pay more than the cost of an item
178,change,She pocketed the change and headed out of the shop.,money returned,money returned when you pay more than the cost of an item
179,change,He was given change in a foreign currency by mistake.,money returned,money returned when you pay more than the cost of an item
180,change,She checked that the change matched the receipt total.,money returned,money returned when you pay more than the cost of an item
181,tie,He knotted his tie carefully in the mirror before the interview.,neckwear,a strip of cloth worn knotted around the collar as part of formal dress
182,tie,She bought him a silk tie for his birthday.,neckwear,a strip of cloth worn knotted around the collar as part of formal dress
183,tie,He wore a striped tie to match the company colours.,neckwear,a strip of cloth worn knotted around the collar as part of formal dress
184,tie,She straightened his tie before he walked into the boardroom.,neckwear,a strip of cloth worn knotted around the collar as part of formal dress
185,tie,He lost his tie somewhere during the evening.,neckwear,a strip of cloth worn knotted around the collar as part of formal dress
186,tie,She complained that he never knew how to knot a tie properly.,neckwear,a strip of cloth worn knotted around the collar as part of formal dress
187,tie,He loosened his tie as the evening wore on.,neckwear,a strip of cloth worn knotted around the collar as part of formal dress
188,tie,She ironed his tie and hung it on the wardrobe door.,neckwear,a strip of cloth worn knotted around the collar as part of formal dress
189,tie,He wore a bow tie to the black-tie dinner.,neckwear,a strip of cloth worn knotted around the collar as part of formal dress
190,tie,She admired the tie he was wearing at the ceremony.,neckwear,a strip of cloth worn knotted around the collar as part of formal dress
191,tie,He collected novelty ties but wore plain ones to work.,neckwear,a strip of cloth worn knotted around the collar as part of formal dress
192,tie,She chose a dark tie for the funeral.,neckwear,a strip of cloth worn knotted around the collar as part of formal dress
193,tie,He tucked the tie into his shirt while eating lunch.,neckwear,a strip of cloth worn knotted around the collar as part of formal dress
194,tie,She could tell he was uncomfortable in the tie.,neckwear,a strip of cloth worn knotted around the collar as part of formal dress
195,tie,He received a set of ties from his colleagues as a leaving gift.,neckwear,a strip of cloth worn knotted around the collar as part of formal dress
196,tie,The match ended in a tie after extra time.,equal score,a result in a contest where both sides finish with the same score
197,tie,She accepted the tie and looked forward to the replay.,equal score,a result in a contest where both sides finish with the same score
198,tie,He was disappointed that a great game had ended in a tie.,equal score,a result in a contest where both sides finish with the same score
199,tie,The cup tie would be decided on penalties.,equal score,a result in a contest where both sides finish with the same score
200,tie,She predicted a tie given how evenly matched the sides were.,equal score,a result in a contest where both sides finish with the same score
201,tie,He called the tie a fair result.,equal score,a result in a contest where both sides finish with the same score
202,tie,She broke the tie with a single point in the last second.,equal score,a result in a contest where both sides finish with the same score
203,tie,He agreed to split the prize money given the tie.,equal score,a result in a contest where both sides finish with the same score
204,tie,The tie had to be broken by the judges.,equal score,a result in a contest where both sides finish with the same score
205,tie,She was surprised that the competition ended in a tie.,equal score,a result in a contest where both sides finish with the same score
206,tie,He proposed a sudden death round to resolve the tie.,equal score,a result in a contest where both sides finish with the same score
207,tie,The vote ended in a tie and the chair cast the deciding vote.,equal score,a result in a contest where both sides finish with the same score
208,tie,She had never seen a tie at that level of competition.,equal score,a result in a contest where both sides finish with the same score
209,tie,He noted that a tie in the group stage would not be enough.,equal score,a result in a contest where both sides finish with the same score
210,tie,The tie was not unusual given the defensive nature of both teams.,equal score,a result in a contest where both sides finish with the same score
211,tie,She tied her shoelaces quickly before running out the door.,to fasten,"to fasten, attach, or secure something with string, cord, or rope"
212,tie,He tied the parcel with string and handed it over.,to fasten,"to fasten, attach, or secure something with string, cord, or rope"
213,tie,She tied her hair back in a ponytail.,to fasten,"to fasten, attach, or secure something with string, cord, or rope"
214,tie,He tied the boat to the mooring ring.,to fasten,"to fasten, attach, or secure something with string, cord, or rope"
215,tie,She tied the label to the key and hung it on the hook.,to fasten,"to fasten, attach, or secure something with string, cord, or rope"
216,tie,He tied the knot three times to make sure it would hold.,to fasten,"to fasten, attach, or secure something with string, cord, or rope"
217,tie,She tied the balloon to the gate for the party.,to fasten,"to fasten, attach, or secure something with string, cord, or rope"
218,tie,He tied the dog to the post outside the shop.,to fasten,"to fasten, attach, or secure something with string, cord, or rope"
219,tie,She tied the ribbon into a bow on the gift.,to fasten,"to fasten, attach, or secure something with string, cord, or rope"
220,tie,He tied the branches together to form a makeshift shelter.,to fasten,"to fasten, attach, or secure something with string, cord, or rope"
221,tie,She tied the garbage bag and left it outside.,to fasten,"to fasten, attach, or secure something with string, cord, or rope"
222,tie,He tied the tomato plant to the cane in the garden.,to fasten,"to fasten, attach, or secure something with string, cord, or rope"
223,tie,She tied the corners of the blanket to the tree to make a hammock.,to fasten,"to fasten, attach, or secure something with string, cord, or rope"
224,tie,He tied his jacket around his waist when it got too warm.,to fasten,"to fasten, attach, or secure something with string, cord, or rope"
225,tie,She tied the curtains back to let in more light.,to fasten,"to fasten, attach, or secure something with string, cord, or rope"
226,kind,What kind of music do you enjoy most?,type/category,a group of things that share a characteristic; a type or sort
227,kind,She had never seen a machine of that kind before.,type/category,a group of things that share a characteristic; a type or sort
228,kind,He was unsure what kind of job he was looking for.,type/category,a group of things that share a characteristic; a type or sort
229,kind,She ordered a salad of some kind at the cafe.,type/category,a group of things that share a characteristic; a type or sort
230,kind,He preferred the kind of holiday where nothing was planned.,type/category,a group of things that share a characteristic; a type or sort
231,kind,She did not know what kind of creature left the tracks.,type/category,a group of things that share a characteristic; a type or sort
232,kind,He collected every kind of stamp he could find.,type/category,a group of things that share a characteristic; a type or sort
233,kind,She tried all kinds of cheese at the market.,type/category,a group of things that share a characteristic; a type or sort
234,kind,He needed a particular kind of screw for the repair.,type/category,a group of things that share a characteristic; a type or sort
235,kind,She was interested in a different kind of approach.,type/category,a group of things that share a characteristic; a type or sort
236,kind,He found a kind of satisfaction in the manual work.,type/category,a group of things that share a characteristic; a type or sort
237,kind,She described a strange kind of feeling when she arrived.,type/category,a group of things that share a characteristic; a type or sort
238,kind,He dismissed it as the kind of problem that solves itself.,type/category,a group of things that share a characteristic; a type or sort
239,kind,She had never met anyone of his kind before.,type/category,a group of things that share a characteristic; a type or sort
240,kind,He reached for the kind of book he always read on holiday.,type/category,a group of things that share a characteristic; a type or sort
241,kind,She was incredibly kind to every person she met.,gentle/caring,"having a generous, gentle, and considerate nature toward others"
242,kind,He left a kind note for his neighbour during a difficult time.,gentle/caring,"having a generous, gentle, and considerate nature toward others"
243,kind,She received a kind letter from a complete stranger.,gentle/caring,"having a generous, gentle, and considerate nature toward others"
244,kind,He was known for his kind treatment of junior staff.,gentle/caring,"having a generous, gentle, and considerate nature toward others"
245,kind,She did a kind thing by helping the elderly woman home.,gentle/caring,"having a generous, gentle, and considerate nature toward others"
246,kind,He was too kind to say anything hurtful.,gentle/caring,"having a generous, gentle, and considerate nature toward others"
247,kind,She smiled in a kind way that put everyone at ease.,gentle/caring,"having a generous, gentle, and considerate nature toward others"
248,kind,He gave a kind donation to the school without being asked.,gentle/caring,"having a generous, gentle, and considerate nature toward others"
249,kind,She thanked him for his kind words after the loss.,gentle/caring,"having a generous, gentle, and considerate nature toward others"
250,kind,He was raised to be kind to every living creature.,gentle/caring,"having a generous, gentle, and considerate nature toward others"
251,kind,She was kind enough to stay late and help.,gentle/caring,"having a generous, gentle, and considerate nature toward others"
252,kind,He spoke in a kind and patient tone throughout.,gentle/caring,"having a generous, gentle, and considerate nature toward others"
253,kind,She appreciated how kind the nurses were during her stay.,gentle/caring,"having a generous, gentle, and considerate nature toward others"
254,kind,He wrote a kind review even though the meal was disappointing.,gentle/caring,"having a generous, gentle, and considerate nature toward others"
255,kind,She was always the kindest person in the room.,gentle/caring,"having a generous, gentle, and considerate nature toward others"
256,mean,She was hurt by the mean comment he made in front of everyone.,unkind,"unkind, spiteful, or ungenerous in behaviour or character"
257,mean,He regretted being mean to his younger sibling.,unkind,"unkind, spiteful, or ungenerous in behaviour or character"
258,mean,She wrote a mean review out of spite.,unkind,"unkind, spiteful, or ungenerous in behaviour or character"
259,mean,He was mean about her work even though it was good.,unkind,"unkind, spiteful, or ungenerous in behaviour or character"
260,mean,She did not want to be mean but she had to be honest.,unkind,"unkind, spiteful, or ungenerous in behaviour or character"
261,mean,He was well-known for his mean streak when competing.,unkind,"unkind, spiteful, or ungenerous in behaviour or character"
262,mean,She thought it was mean to exclude him from the group.,unkind,"unkind, spiteful, or ungenerous in behaviour or character"
263,mean,He made a mean joke that no one found funny.,unkind,"unkind, spiteful, or ungenerous in behaviour or character"
264,mean,She stood up for her friend when the others were being mean.,unkind,"unkind, spiteful, or ungenerous in behaviour or character"
265,mean,He felt guilty for being mean when she had done nothing wrong.,unkind,"unkind, spiteful, or ungenerous in behaviour or character"
266,mean,She refused to laugh at the mean remark about the new student.,unkind,"unkind, spiteful, or ungenerous in behaviour or character"
267,mean,"He tried never to be mean, even when provoked.",unkind,"unkind, spiteful, or ungenerous in behaviour or character"
268,mean,She was shocked by how mean the comment section was.,unkind,"unkind, spiteful, or ungenerous in behaviour or character"
269,mean,He was mean with his praise but generous with criticism.,unkind,"unkind, spiteful, or ungenerous in behaviour or character"
270,mean,She found the prank mean rather than funny.,unkind,"unkind, spiteful, or ungenerous in behaviour or character"
271,mean,She calculated the mean score for the class.,average,the arithmetic mean; the sum of values divided by their count
272,mean,He found the mean of the ten data points.,average,the arithmetic mean; the sum of values divided by their count
273,mean,She plotted the mean temperature for each month of the year.,average,the arithmetic mean; the sum of values divided by their count
274,mean,He compared the mean salaries across the two groups.,average,the arithmetic mean; the sum of values divided by their count
275,mean,She used the mean as the benchmark in the analysis.,average,the arithmetic mean; the sum of values divided by their count
276,mean,He noted that the mean was skewed by several outliers.,average,the arithmetic mean; the sum of values divided by their count
277,mean,She explained the difference between the mean and the median.,average,the arithmetic mean; the sum of values divided by their count
278,mean,He reported the mean and standard deviation in his study.,average,the arithmetic mean; the sum of values divided by their count
279,mean,She weighted the scores before calculating the mean.,average,the arithmetic mean; the sum of values divided by their count
280,mean,He subtracted the mean from each value to find the deviation.,average,the arithmetic mean; the sum of values divided by their count
281,mean,She checked that the mean was consistent across all samples.,average,the arithmetic mean; the sum of values divided by their count
282,mean,He presented the mean on the graph as a horizontal line.,average,the arithmetic mean; the sum of values divided by their count
283,mean,She calculated the running mean as new data came in.,average,the arithmetic mean; the sum of values divided by their count
284,mean,He used the geometric mean rather than the arithmetic mean.,average,the arithmetic mean; the sum of values divided by their count
285,mean,She found the mean of the distribution and compared it to the mode.,average,the arithmetic mean; the sum of values divided by their count
286,mean,She did not mean to upset anyone with her remark.,to intend,"to have a particular purpose, intention, or significance"
287,mean,He meant what he said about wanting to help.,to intend,"to have a particular purpose, intention, or significance"
288,mean,She asked what the strange symbol was meant to mean.,to intend,"to have a particular purpose, intention, or significance"
289,mean,He was not sure what she meant by the comment.,to intend,"to have a particular purpose, intention, or significance"
290,mean,She explained what she had meant all along.,to intend,"to have a particular purpose, intention, or significance"
291,mean,He meant to call earlier but forgot.,to intend,"to have a particular purpose, intention, or significance"
292,mean,She meant the gift as a token of thanks.,to intend,"to have a particular purpose, intention, or significance"
293,mean,He did not mean it as an insult.,to intend,"to have a particular purpose, intention, or significance"
294,mean,She asked if he really meant it when he apologised.,to intend,"to have a particular purpose, intention, or significance"
295,mean,He meant the silence as a form of protest.,to intend,"to have a particular purpose, intention, or significance"
296,mean,She meant to arrive earlier but was held up in traffic.,to intend,"to have a particular purpose, intention, or significance"
297,mean,He meant no harm by the question.,to intend,"to have a particular purpose, intention, or significance"
298,mean,She said she meant it and she hoped he believed her.,to intend,"to have a particular purpose, intention, or significance"
299,mean,He was meant to lead the session but changed his plans.,to intend,"to have a particular purpose, intention, or significance"
300,mean,She meant the compliment sincerely.,to intend,"to have a particular purpose, intention, or significance"
301,charge,She plugged in her phone to get a full charge overnight.,electricity stored,the amount of electrical energy stored in a battery or device
302,charge,He checked the charge on the battery before the long drive.,electricity stored,the amount of electrical energy stored in a battery or device
303,charge,The laptop ran out of charge during the presentation.,electricity stored,the amount of electrical energy stored in a battery or device
304,charge,She left the power bank to charge before the trip.,electricity stored,the amount of electrical energy stored in a battery or device
305,charge,He measured the charge remaining in the battery cells.,electricity stored,the amount of electrical energy stored in a battery or device
306,charge,The electric car needed a full charge for the motorway journey.,electricity stored,the amount of electrical energy stored in a battery or device
307,charge,She connected the device to the mains to top up the charge.,electricity stored,the amount of electrical energy stored in a battery or device
308,charge,He noticed the charge indicator was flashing red.,electricity stored,the amount of electrical energy stored in a battery or device
309,charge,She carried a portable charger to maintain the charge on her phone.,electricity stored,the amount of electrical energy stored in a battery or device
310,charge,He calculated how long the charge would last at that usage rate.,electricity stored,the amount of electrical energy stored in a battery or device
311,charge,The battery held its charge well even after two years.,electricity stored,the amount of electrical energy stored in a battery or device
312,charge,She set the device to charge wirelessly on the pad.,electricity stored,the amount of electrical energy stored in a battery or device
313,charge,He replaced the battery because it would no longer hold a charge.,electricity stored,the amount of electrical energy stored in a battery or device
314,charge,She checked the charge before heading out for the day.,electricity stored,the amount of electrical energy stored in a battery or device
315,charge,The solar panel was used to charge the battery bank.,electricity stored,the amount of electrical energy stored in a battery or device
316,charge,He was released after the charge was dropped.,accusation,a formal accusation that someone has committed a crime
317,charge,She faced a charge of fraud following the investigation.,accusation,a formal accusation that someone has committed a crime
318,charge,He pleaded not guilty to the charge at the hearing.,accusation,a formal accusation that someone has committed a crime
319,charge,She was relieved when the charge did not proceed to trial.,accusation,a formal accusation that someone has committed a crime
320,charge,He read the charge aloud in the courtroom.,accusation,a formal accusation that someone has committed a crime
321,charge,She contested every charge brought against her.,accusation,a formal accusation that someone has committed a crime
322,charge,He was acquitted of the most serious charge.,accusation,a formal accusation that someone has committed a crime
323,charge,She was informed of the charge and given time to seek legal advice.,accusation,a formal accusation that someone has committed a crime
324,charge,He admitted to one charge and denied the others.,accusation,a formal accusation that someone has committed a crime
325,charge,She hired a solicitor the moment she heard about the charge.,accusation,a formal accusation that someone has committed a crime
326,charge,He was sentenced after pleading guilty to the charge.,accusation,a formal accusation that someone has committed a crime
327,charge,She argued that the charge was politically motivated.,accusation,a formal accusation that someone has committed a crime
328,charge,He faced a secondary charge in addition to the main one.,accusation,a formal accusation that someone has committed a crime
329,charge,She was surprised by the severity of the charge.,accusation,a formal accusation that someone has committed a crime
330,charge,He was bailed to appear in court to answer the charge.,accusation,a formal accusation that someone has committed a crime
331,charge,There is no charge for the first consultation.,fee for service,the price asked for goods or services
332,charge,She queried the charge on her bank statement.,fee for service,the price asked for goods or services
333,charge,He disputed the charge and asked for a breakdown.,fee for service,the price asked for goods or services
334,charge,She paid the charge at the reception desk.,fee for service,the price asked for goods or services
335,charge,He noticed an unexpected charge on his invoice.,fee for service,the price asked for goods or services
336,charge,She waived the delivery charge as a goodwill gesture.,fee for service,the price asked for goods or services
337,charge,He complained that the charge was higher than quoted.,fee for service,the price asked for goods or services
338,charge,She asked whether there was a charge for the extra luggage.,fee for service,the price asked for goods or services
339,charge,He included the service charge in the final bill.,fee for service,the price asked for goods or services
340,charge,She refunded the charge after the error was confirmed.,fee for service,the price asked for goods or services
341,charge,He checked whether the charge included VAT.,fee for service,the price asked for goods or services
342,charge,She added a late payment charge to the overdue invoice.,fee for service,the price asked for goods or services
343,charge,He saw that the charge for the room had doubled at peak times.,fee for service,the price asked for goods or services
344,charge,She queried the handling charge with the courier company.,fee for service,the price asked for goods or services
345,charge,He paid the charge without complaint.,fee for service,the price asked for goods or services
346,charge,The bull charged across the field toward the fence.,to rush forward,to rush forward in a fast or aggressive attack
347,charge,She watched the cavalry charge across the open plain.,to rush forward,to rush forward in a fast or aggressive attack
348,charge,He charged through the defensive line to reach the goalkeeper.,to rush forward,to rush forward in a fast or aggressive attack
349,charge,The rhino charged when it sensed danger nearby.,to rush forward,to rush forward in a fast or aggressive attack
350,charge,She charged at the gate before the guards could react.,to rush forward,to rush forward in a fast or aggressive attack
351,charge,He led the charge down the hill into the enemy position.,to rush forward,to rush forward in a fast or aggressive attack
352,charge,The player charged forward and won the penalty.,to rush forward,to rush forward in a fast or aggressive attack
353,charge,She charged into the room without knocking.,to rush forward,to rush forward in a fast or aggressive attack
354,charge,He charged across the room to answer the ringing phone.,to rush forward,to rush forward in a fast or aggressive attack
355,charge,The crowd charged the barriers after the concert ended.,to rush forward,to rush forward in a fast or aggressive attack
356,charge,She charged up the stairs two at a time.,to rush forward,to rush forward in a fast or aggressive attack
357,charge,He gave the order to charge and the soldiers moved forward.,to rush forward,to rush forward in a fast or aggressive attack
358,charge,The horse charged toward the jump at full gallop.,to rush forward,to rush forward in a fast or aggressive attack
359,charge,She charged past the slower competitors on the final bend.,to rush forward,to rush forward in a fast or aggressive attack
360,charge,He charged out of the tunnel as the crowd roared.,to rush forward,to rush forward in a fast or aggressive attack
361,order,She placed an order for the books online.,request for goods,a formal request to supply or purchase goods or services
362,order,He called to check on the status of his order.,request for goods,a formal request to supply or purchase goods or services
363,order,She received a confirmation email as soon as the order was placed.,request for goods,a formal request to supply or purchase goods or services
364,order,He cancelled the order before it had been dispatched.,request for goods,a formal request to supply or purchase goods or services
365,order,She tracked the order and saw it would arrive on Friday.,request for goods,a formal request to supply or purchase goods or services
366,order,He put in an order for fifty units at the discounted price.,request for goods,a formal request to supply or purchase goods or services
367,order,She waited three weeks for the custom order to be ready.,request for goods,a formal request to supply or purchase goods or services
368,order,He was disappointed that the order arrived incomplete.,request for goods,a formal request to supply or purchase goods or services
369,order,She amended the order to change the size and colour.,request for goods,a formal request to supply or purchase goods or services
370,order,He picked up his order from the collection point.,request for goods,a formal request to supply or purchase goods or services
371,order,She filed the order form with the accounts department.,request for goods,a formal request to supply or purchase goods or services
372,order,He accepted a bulk order from the new client.,request for goods,a formal request to supply or purchase goods or services
373,order,She prepared the order for delivery early in the morning.,request for goods,a formal request to supply or purchase goods or services
374,order,He processed the order and sent a receipt.,request for goods,a formal request to supply or purchase goods or services
375,order,She was notified that the order had shipped.,request for goods,a formal request to supply or purchase goods or services
376,order,She arranged the books in alphabetical order on the shelf.,arrangement,"a particular arrangement, sequence, or organised state of things"
377,order,He put the files back in order after the search.,arrangement,"a particular arrangement, sequence, or organised state of things"
378,order,She explained the correct order of operations.,arrangement,"a particular arrangement, sequence, or organised state of things"
379,order,He completed the tasks in the order they were assigned.,arrangement,"a particular arrangement, sequence, or organised state of things"
380,order,She numbered the pages in the correct order.,arrangement,"a particular arrangement, sequence, or organised state of things"
381,order,He restored the equipment to its proper order.,arrangement,"a particular arrangement, sequence, or organised state of things"
382,order,She described the order of events at the ceremony.,arrangement,"a particular arrangement, sequence, or organised state of things"
383,order,He listed the items in order of priority.,arrangement,"a particular arrangement, sequence, or organised state of things"
384,order,She appreciated the sense of order in the well-run office.,arrangement,"a particular arrangement, sequence, or organised state of things"
385,order,He placed the photographs in chronological order.,arrangement,"a particular arrangement, sequence, or organised state of things"
386,order,She maintained order in the classroom with a clear structure.,arrangement,"a particular arrangement, sequence, or organised state of things"
387,order,He explained the pecking order in the department.,arrangement,"a particular arrangement, sequence, or organised state of things"
388,order,She sorted the cards into order before dealing.,arrangement,"a particular arrangement, sequence, or organised state of things"
389,order,He ran the meeting in a strict order.,arrangement,"a particular arrangement, sequence, or organised state of things"
390,order,She called the room to order when the debate grew heated.,arrangement,"a particular arrangement, sequence, or organised state of things"
391,order,He followed the order without question.,command,an authoritative instruction or directive given to someone
392,order,She gave the order to advance at sunrise.,command,an authoritative instruction or directive given to someone
393,order,He received the order from headquarters via radio.,command,an authoritative instruction or directive given to someone
394,order,She refused to carry out the order she considered unjust.,command,an authoritative instruction or directive given to someone
395,order,He relayed the order to every member of the unit.,command,an authoritative instruction or directive given to someone
396,order,She issued the order to evacuate the building immediately.,command,an authoritative instruction or directive given to someone
397,order,He questioned the order before eventually complying.,command,an authoritative instruction or directive given to someone
398,order,She confirmed the order in writing.,command,an authoritative instruction or directive given to someone
399,order,He passed the order down the chain of command.,command,an authoritative instruction or directive given to someone
400,order,She challenged the order at the review board.,command,an authoritative instruction or directive given to someone
401,order,He acted swiftly upon receiving the order.,command,an authoritative instruction or directive given to someone
402,order,She read the order aloud to the assembled group.,command,an authoritative instruction or directive given to someone
403,order,He knew better than to disobey a direct order.,command,an authoritative instruction or directive given to someone
404,order,She repeated the order more firmly the second time.,command,an authoritative instruction or directive given to someone
405,order,He requested clarification before carrying out the order.,command,an authoritative instruction or directive given to someone
406,order,He entered the order at the age of twenty and took his vows.,religious community,"a society of people, such as monks or nuns, living under common religious rules"
407,order,She visited the monastery to learn more about the order.,religious community,"a society of people, such as monks or nuns, living under common religious rules"
408,order,He was initiated into the order after a year of novitiate.,religious community,"a society of people, such as monks or nuns, living under common religious rules"
409,order,She read the history of the Benedictine order.,religious community,"a society of people, such as monks or nuns, living under common religious rules"
410,order,He admired the simple life lived by members of the order.,religious community,"a society of people, such as monks or nuns, living under common religious rules"
411,order,She wrote a thesis on the founding of the Franciscan order.,religious community,"a society of people, such as monks or nuns, living under common religious rules"
412,order,He wore the plain habit of the order.,religious community,"a society of people, such as monks or nuns, living under common religious rules"
413,order,She asked the brother which order he belonged to.,religious community,"a society of people, such as monks or nuns, living under common religious rules"
414,order,He was welcomed warmly by the other members of the order.,religious community,"a society of people, such as monks or nuns, living under common religious rules"
415,order,She learned that the order ran schools and hospitals.,religious community,"a society of people, such as monks or nuns, living under common religious rules"
416,order,He served in the order for forty years before retirement.,religious community,"a society of people, such as monks or nuns, living under common religious rules"
417,order,She found peace during her retreat at the house of the order.,religious community,"a society of people, such as monks or nuns, living under common religious rules"
418,order,He donated his library to the order upon his death.,religious community,"a society of people, such as monks or nuns, living under common religious rules"
419,order,She followed the daily rhythm of prayer set by the order.,religious community,"a society of people, such as monks or nuns, living under common religious rules"
420,order,He joined a contemplative order rather than an active one.,religious community,"a society of people, such as monks or nuns, living under common religious rules"
421,post,She sent the letter by post and hoped it would arrive in time.,mail system,the official service for delivering letters and parcels
422,post,He dropped the parcel at the post office on his lunch break.,mail system,the official service for delivering letters and parcels
423,post,She was waiting for an important document to arrive in the post.,mail system,the official service for delivering letters and parcels
424,post,He received the post while still in his pyjamas.,mail system,the official service for delivering letters and parcels
425,post,She checked the post box each afternoon for replies.,mail system,the official service for delivering letters and parcels
426,post,He sent the invitations by first class post.,mail system,the official service for delivering letters and parcels
427,post,She was delighted to receive a hand-written card in the post.,mail system,the official service for delivering letters and parcels
428,post,He realised he had not checked the post for a week.,mail system,the official service for delivering letters and parcels
429,post,She arranged for her post to be redirected while she was away.,mail system,the official service for delivering letters and parcels
430,post,He left the parcel with a neighbour when the post came.,mail system,the official service for delivering letters and parcels
431,post,She paid extra to track the post online.,mail system,the official service for delivering letters and parcels
432,post,He lost the receipt but kept the proof of post.,mail system,the official service for delivering letters and parcels
433,post,She sent the contract by recorded post for security.,mail system,the official service for delivering letters and parcels
434,post,He waited for the daily post to see if the acceptance had arrived.,mail system,the official service for delivering letters and parcels
435,post,She wrote her address clearly so the post would arrive safely.,mail system,the official service for delivering letters and parcels
436,post,She applied for a post in the research department.,job position,"a job, position, or office within an organisation"
437,post,He accepted the post of deputy head teacher.,job position,"a job, position, or office within an organisation"
438,post,She was promoted to a senior post within two years.,job position,"a job, position, or office within an organisation"
439,post,He vacated the post after a decade in the role.,job position,"a job, position, or office within an organisation"
440,post,She held the post for three years before moving on.,job position,"a job, position, or office within an organisation"
441,post,He was the ideal candidate for the post.,job position,"a job, position, or office within an organisation"
442,post,She created a new post to handle the expanding workload.,job position,"a job, position, or office within an organisation"
443,post,He was offered the post and accepted immediately.,job position,"a job, position, or office within an organisation"
444,post,She took up the post on the first of January.,job position,"a job, position, or office within an organisation"
445,post,He was surprised to be offered such a senior post.,job position,"a job, position, or office within an organisation"
446,post,She found the post challenging but rewarding.,job position,"a job, position, or office within an organisation"
447,post,He left the post due to personal circumstances.,job position,"a job, position, or office within an organisation"
448,post,She advertised the post across several job sites.,job position,"a job, position, or office within an organisation"
449,post,He was shortlisted for the post after an impressive application.,job position,"a job, position, or office within an organisation"
450,post,She had been in the post longer than anyone expected.,job position,"a job, position, or office within an organisation"
451,post,She nailed the sign to the wooden post at the gate.,upright pole,an upright piece of timber or metal fixed firmly in the ground
452,post,He replaced the rotten post at the end of the garden.,upright pole,an upright piece of timber or metal fixed firmly in the ground
453,post,She tied the boat to the post on the jetty.,upright pole,an upright piece of timber or metal fixed firmly in the ground
454,post,He knocked the post into the ground with a mallet.,upright pole,an upright piece of timber or metal fixed firmly in the ground
455,post,She painted the fence post white before hanging the gate.,upright pole,an upright piece of timber or metal fixed firmly in the ground
456,post,He checked that every post was vertical before stringing the wire.,upright pole,an upright piece of timber or metal fixed firmly in the ground
457,post,She wound the climbing rose around the tall post.,upright pole,an upright piece of timber or metal fixed firmly in the ground
458,post,He drove the metal post into the hard soil.,upright pole,an upright piece of timber or metal fixed firmly in the ground
459,post,She attached the letterbox to the post at the end of the path.,upright pole,an upright piece of timber or metal fixed firmly in the ground
460,post,He checked each post for signs of rot or damage.,upright pole,an upright piece of timber or metal fixed firmly in the ground
461,post,She leaned the ladder against the post to reach the sign.,upright pole,an upright piece of timber or metal fixed firmly in the ground
462,post,He dug a hole for each post before setting it in concrete.,upright pole,an upright piece of timber or metal fixed firmly in the ground
463,post,She noticed that the post had shifted after the storm.,upright pole,an upright piece of timber or metal fixed firmly in the ground
464,post,He measured the gap between each post carefully.,upright pole,an upright piece of timber or metal fixed firmly in the ground
465,post,She wrapped the post in fairy lights for the garden party.,upright pole,an upright piece of timber or metal fixed firmly in the ground
466,post,She posted a photograph of the sunset on her social media.,to publish online,to share or publish content on the internet or social media
467,post,He posted the announcement on the company website.,to publish online,to share or publish content on the internet or social media
468,post,She posted a review of the restaurant she had visited.,to publish online,to share or publish content on the internet or social media
469,post,He posted the video and it was watched ten thousand times.,to publish online,to share or publish content on the internet or social media
470,post,She posted the job advertisement on three platforms.,to publish online,to share or publish content on the internet or social media
471,post,He posted a comment on the article and started a discussion.,to publish online,to share or publish content on the internet or social media
472,post,She posted the update before the official press release.,to publish online,to share or publish content on the internet or social media
473,post,He posted a thread explaining his decision.,to publish online,to share or publish content on the internet or social media
474,post,She posted every day to keep her followers engaged.,to publish online,to share or publish content on the internet or social media
475,post,He posted the finished artwork on the community forum.,to publish online,to share or publish content on the internet or social media
476,post,She posted the timetable on the group page.,to publish online,to share or publish content on the internet or social media
477,post,He posted a question and received dozens of responses.,to publish online,to share or publish content on the internet or social media
478,post,She posted the recipe in response to numerous requests.,to publish online,to share or publish content on the internet or social media
479,post,He posted the results as soon as the count was complete.,to publish online,to share or publish content on the internet or social media
480,post,She posted behind the scenes footage for her subscribers.,to publish online,to share or publish content on the internet or social media
481,park,She walked through the park on her way to work each morning.,public green space,"an area of public land with grass, trees, and paths used for recreation"
482,park,He played football with his son in the park on Sunday.,public green space,"an area of public land with grass, trees, and paths used for recreation"
483,park,She sat on a bench in the park and ate her lunch.,public green space,"an area of public land with grass, trees, and paths used for recreation"
484,park,He jogged around the park three times before breakfast.,public green space,"an area of public land with grass, trees, and paths used for recreation"
485,park,She let her dog run off the lead in the park.,public green space,"an area of public land with grass, trees, and paths used for recreation"
486,park,He flew his kite in the open part of the park.,public green space,"an area of public land with grass, trees, and paths used for recreation"
487,park,She organised a yoga class in the park each summer.,public green space,"an area of public land with grass, trees, and paths used for recreation"
488,park,He proposed to her under the oak tree in the park.,public green space,"an area of public land with grass, trees, and paths used for recreation"
489,park,She brought a blanket and read her book in the park.,public green space,"an area of public land with grass, trees, and paths used for recreation"
490,park,He watched the ducks on the pond in the park.,public green space,"an area of public land with grass, trees, and paths used for recreation"
491,park,She attended the outdoor concert held in the park.,public green space,"an area of public land with grass, trees, and paths used for recreation"
492,park,He chased his toddler across the grass in the park.,public green space,"an area of public land with grass, trees, and paths used for recreation"
493,park,She picked up litter she found in the park.,public green space,"an area of public land with grass, trees, and paths used for recreation"
494,park,He found a quiet corner of the park to sketch in.,public green space,"an area of public land with grass, trees, and paths used for recreation"
495,park,She pushed the pram through the paths of the park.,public green space,"an area of public land with grass, trees, and paths used for recreation"
496,park,She parked the car in the multi-storey car park.,to leave a vehicle,to bring a vehicle to a stop and leave it temporarily in a place
497,park,He could not find anywhere to park near the station.,to leave a vehicle,to bring a vehicle to a stop and leave it temporarily in a place
498,park,She parked illegally and received a fine.,to leave a vehicle,to bring a vehicle to a stop and leave it temporarily in a place
499,park,He parallel parked in one smooth movement.,to leave a vehicle,to bring a vehicle to a stop and leave it temporarily in a place
500,park,She parked behind the lorry and walked the rest of the way.,to leave a vehicle,to bring a vehicle to a stop and leave it temporarily in a place
501,park,He was unable to park because the space was too small.,to leave a vehicle,to bring a vehicle to a stop and leave it temporarily in a place
502,park,She parked in a disabled bay without displaying a badge.,to leave a vehicle,to bring a vehicle to a stop and leave it temporarily in a place
503,park,He parked the bike against the wall outside the cafe.,to leave a vehicle,to bring a vehicle to a stop and leave it temporarily in a place
504,park,She spent ten minutes trying to park near the market.,to leave a vehicle,to bring a vehicle to a stop and leave it temporarily in a place
505,park,He parked in the last remaining space.,to leave a vehicle,to bring a vehicle to a stop and leave it temporarily in a place
506,park,She parked outside the house and rang the bell.,to leave a vehicle,to bring a vehicle to a stop and leave it temporarily in a place
507,park,"He parked the van on the pavement, blocking the path.",to leave a vehicle,to bring a vehicle to a stop and leave it temporarily in a place
508,park,She was always nervous about parking in the city.,to leave a vehicle,to bring a vehicle to a stop and leave it temporarily in a place
509,park,He parked up and switched off the engine.,to leave a vehicle,to bring a vehicle to a stop and leave it temporarily in a place
510,park,She parked in a bay marked reserved and hoped for the best.,to leave a vehicle,to bring a vehicle to a stop and leave it temporarily in a place
511,park,He worked in a unit on the trading park outside the town.,industrial area,"a designated area of land used for industry, business, or a particular purpose"
512,park,She drove through the business park looking for the address.,industrial area,"a designated area of land used for industry, business, or a particular purpose"
513,park,He located the warehouse on the industrial park.,industrial area,"a designated area of land used for industry, business, or a particular purpose"
514,park,She set up her office in the newly built science park.,industrial area,"a designated area of land used for industry, business, or a particular purpose"
515,park,He noted that the technology park attracted major employers.,industrial area,"a designated area of land used for industry, business, or a particular purpose"
516,park,She visited a company on the enterprise park for an interview.,industrial area,"a designated area of land used for industry, business, or a particular purpose"
517,park,He managed logistics at the distribution park.,industrial area,"a designated area of land used for industry, business, or a particular purpose"
518,park,She found the retail park outside the town easy to navigate.,industrial area,"a designated area of land used for industry, business, or a particular purpose"
519,park,He objected to planning permission for the new industrial park.,industrial area,"a designated area of land used for industry, business, or a particular purpose"
520,park,She photographed the layout of the food production park.,industrial area,"a designated area of land used for industry, business, or a particular purpose"
521,park,He was based at the research park on the edge of the city.,industrial area,"a designated area of land used for industry, business, or a particular purpose"
522,park,She attended a trade fair at the exhibition park.,industrial area,"a designated area of land used for industry, business, or a particular purpose"
523,park,He opened his first unit at the business park.,industrial area,"a designated area of land used for industry, business, or a particular purpose"
524,park,She commuted daily to the out-of-town park.,industrial area,"a designated area of land used for industry, business, or a particular purpose"
525,park,He signed a five-year lease on the unit in the park.,industrial area,"a designated area of land used for industry, business, or a particular purpose"
526,scale,She placed the flour on the scale before adding it to the mix.,measuring device,an instrument used to measure the weight of something
527,scale,He weighed the parcel on the scale at the post office.,measuring device,an instrument used to measure the weight of something
528,scale,She zeroed the scale before placing the item on it.,measuring device,an instrument used to measure the weight of something
529,scale,He used a small digital scale to measure the spices.,measuring device,an instrument used to measure the weight of something
530,scale,She checked the scale to see if the luggage met the weight limit.,measuring device,an instrument used to measure the weight of something
531,scale,He noted that the scale was accurate to within a gram.,measuring device,an instrument used to measure the weight of something
532,scale,She bought a new kitchen scale for precise baking.,measuring device,an instrument used to measure the weight of something
533,scale,He placed each ingredient on the scale one at a time.,measuring device,an instrument used to measure the weight of something
534,scale,She calibrated the scale at the start of every shift.,measuring device,an instrument used to measure the weight of something
535,scale,"He found the scale at the market measured in pounds, not kilograms.",measuring device,an instrument used to measure the weight of something
536,scale,She used a baby scale to monitor her newborn's weight.,measuring device,an instrument used to measure the weight of something
537,scale,He had the scale certified for use in a commercial setting.,measuring device,an instrument used to measure the weight of something
538,scale,She placed the letter on the scale to check the postage needed.,measuring device,an instrument used to measure the weight of something
539,scale,He noticed the scale gave different readings on each side.,measuring device,an instrument used to measure the weight of something
540,scale,She weighed herself on the bathroom scale each morning.,measuring device,an instrument used to measure the weight of something
541,scale,The map was drawn on a scale of one to fifty thousand.,relative size,the relative size or extent of something compared to something else
542,scale,She could not grasp the scale of the disaster from news reports alone.,relative size,the relative size or extent of something compared to something else
543,scale,He underestimated the scale of work involved in the renovation.,relative size,the relative size or extent of something compared to something else
544,scale,She described the scale of the operation as unprecedented.,relative size,the relative size or extent of something compared to something else
545,scale,He drew the blueprint at scale so it could be used on site.,relative size,the relative size or extent of something compared to something else
546,scale,The scale of the project required a team of fifty people.,relative size,the relative size or extent of something compared to something else
547,scale,She was impressed by the scale of the ancient monument.,relative size,the relative size or extent of something compared to something else
548,scale,He adjusted the scale of the diagram to fit on one page.,relative size,the relative size or extent of something compared to something else
549,scale,She discussed the scale of investment needed to proceed.,relative size,the relative size or extent of something compared to something else
550,scale,He explained the scale of the change in simple terms.,relative size,the relative size or extent of something compared to something else
551,scale,The model was built at half scale for the exhibition.,relative size,the relative size or extent of something compared to something else
552,scale,She reduced the scale of her ambitions after the setbacks.,relative size,the relative size or extent of something compared to something else
553,scale,He noted that the scale of the problem had been exaggerated.,relative size,the relative size or extent of something compared to something else
554,scale,She used a ruler to check the scale of the printed drawing.,relative size,the relative size or extent of something compared to something else
555,scale,He worked at the national scale rather than locally.,relative size,the relative size or extent of something compared to something else
556,scale,She scraped the scales from the fish with the back of a knife.,fish covering,the thin flat plates covering the skin of a fish or reptile
557,scale,He admired the iridescent scale of the freshly caught trout.,fish covering,the thin flat plates covering the skin of a fish or reptile
558,scale,She examined the scale under a magnifying glass.,fish covering,the thin flat plates covering the skin of a fish or reptile
559,scale,He noted that each scale had a unique ring pattern.,fish covering,the thin flat plates covering the skin of a fish or reptile
560,scale,She asked the fishmonger to remove the scales before wrapping it.,fish covering,the thin flat plates covering the skin of a fish or reptile
561,scale,He counted the scales along the lateral line to identify the species.,fish covering,the thin flat plates covering the skin of a fish or reptile
562,scale,She found a single fish scale stuck to the chopping board.,fish covering,the thin flat plates covering the skin of a fish or reptile
563,scale,He studied the scale of the snake to determine its age.,fish covering,the thin flat plates covering the skin of a fish or reptile
564,scale,She rinsed the scale off the sink after cleaning the fish.,fish covering,the thin flat plates covering the skin of a fish or reptile
565,scale,He was fascinated by the structure of the fish scale under a microscope.,fish covering,the thin flat plates covering the skin of a fish or reptile
566,scale,She taught the children how to remove scales from a fresh catch.,fish covering,the thin flat plates covering the skin of a fish or reptile
567,scale,He slipped on a loose scale on the deck of the fishing boat.,fish covering,the thin flat plates covering the skin of a fish or reptile
568,scale,She photographed the scale pattern of the exotic fish.,fish covering,the thin flat plates covering the skin of a fish or reptile
569,scale,He noted the difference in scale texture between warm and cold water fish.,fish covering,the thin flat plates covering the skin of a fish or reptile
570,scale,She pressed a fish scale into the clay as a decorative print.,fish covering,the thin flat plates covering the skin of a fish or reptile
571,scale,She practised the major scale on the piano every morning.,musical scale,a series of musical notes in ascending or descending order of pitch
572,scale,He played the chromatic scale from bottom to top of the keyboard.,musical scale,a series of musical notes in ascending or descending order of pitch
573,scale,She ran through the scale before beginning the warm-up exercises.,musical scale,a series of musical notes in ascending or descending order of pitch
574,scale,He transposed the scale into a different key for the exercise.,musical scale,a series of musical notes in ascending or descending order of pitch
575,scale,She struggled with the minor scale in the early stages of learning.,musical scale,a series of musical notes in ascending or descending order of pitch
576,scale,He taught the beginner how to play a simple five-note scale.,musical scale,a series of musical notes in ascending or descending order of pitch
577,scale,She could identify the scale by ear after years of practice.,musical scale,a series of musical notes in ascending or descending order of pitch
578,scale,He composed the melody using notes from a pentatonic scale.,musical scale,a series of musical notes in ascending or descending order of pitch
579,scale,She sang the scale to warm up her voice before the rehearsal.,musical scale,a series of musical notes in ascending or descending order of pitch
580,scale,He explained that the scale formed the basis of the composition.,musical scale,a series of musical notes in ascending or descending order of pitch
581,scale,She played the scale at double speed to test her finger dexterity.,musical scale,a series of musical notes in ascending or descending order of pitch
582,scale,He demonstrated the scale on the violin for the class.,musical scale,a series of musical notes in ascending or descending order of pitch
583,scale,She wrote out the notes of the scale on the manuscript paper.,musical scale,a series of musical notes in ascending or descending order of pitch
584,scale,He played the scale in contrary motion with both hands.,musical scale,a series of musical notes in ascending or descending order of pitch
585,scale,She memorised the scale and could play it without looking at the keyboard.,musical scale,a series of musical notes in ascending or descending order of pitch
586,net,She hung a net across the window to keep out the insects.,mesh fabric,"an open fabric made of knotted thread, wire, or cord with regular spaces"
587,net,He cast the fishing net wide across the calm water.,mesh fabric,"an open fabric made of knotted thread, wire, or cord with regular spaces"
588,net,She practised shooting at the net during training.,mesh fabric,"an open fabric made of knotted thread, wire, or cord with regular spaces"
589,net,He untangled the net before setting it again.,mesh fabric,"an open fabric made of knotted thread, wire, or cord with regular spaces"
590,net,She draped a net over the fruit cage to protect the crop.,mesh fabric,"an open fabric made of knotted thread, wire, or cord with regular spaces"
591,net,He repaired the tear in the net before the game.,mesh fabric,"an open fabric made of knotted thread, wire, or cord with regular spaces"
592,net,She pulled the net in slowly to check what had been caught.,mesh fabric,"an open fabric made of knotted thread, wire, or cord with regular spaces"
593,net,He stretched the badminton net to the correct height.,mesh fabric,"an open fabric made of knotted thread, wire, or cord with regular spaces"
594,net,She made a butterfly net from a bamboo cane and fine mesh.,mesh fabric,"an open fabric made of knotted thread, wire, or cord with regular spaces"
595,net,He pointed at the net to celebrate the goal he had scored.,mesh fabric,"an open fabric made of knotted thread, wire, or cord with regular spaces"
596,net,She set a net to trap the small mammals for tagging.,mesh fabric,"an open fabric made of knotted thread, wire, or cord with regular spaces"
597,net,He checked the mooring net was secured firmly.,mesh fabric,"an open fabric made of knotted thread, wire, or cord with regular spaces"
598,net,She used a hair net to keep her hair in place.,mesh fabric,"an open fabric made of knotted thread, wire, or cord with regular spaces"
599,net,He bought a replacement net for the goalposts.,mesh fabric,"an open fabric made of knotted thread, wire, or cord with regular spaces"
600,net,She drifted the net along the current to catch fish.,mesh fabric,"an open fabric made of knotted thread, wire, or cord with regular spaces"
601,net,His net salary after tax was considerably less than the gross.,after deductions,remaining after all deductions such as tax or costs
602,net,She calculated the net profit after all expenses were removed.,after deductions,remaining after all deductions such as tax or costs
603,net,He earned a net income of forty thousand a year.,after deductions,remaining after all deductions such as tax or costs
604,net,She compared the net returns of the two investments.,after deductions,remaining after all deductions such as tax or costs
605,net,He declared his net worth on the financial form.,after deductions,remaining after all deductions such as tax or costs
606,net,She checked that the net figure matched the statement.,after deductions,remaining after all deductions such as tax or costs
607,net,He received a net payment of eight hundred pounds.,after deductions,remaining after all deductions such as tax or costs
608,net,She noted the net loss for the quarter.,after deductions,remaining after all deductions such as tax or costs
609,net,He calculated the net weight of the product without packaging.,after deductions,remaining after all deductions such as tax or costs
610,net,She preferred to quote the net price rather than the gross.,after deductions,remaining after all deductions such as tax or costs
611,net,He worked out the net benefit after deducting costs.,after deductions,remaining after all deductions such as tax or costs
612,net,She assessed the net impact of the changes on the budget.,after deductions,remaining after all deductions such as tax or costs
613,net,He told her the net gain was far less than expected.,after deductions,remaining after all deductions such as tax or costs
614,net,She looked at the net value of the asset after depreciation.,after deductions,remaining after all deductions such as tax or costs
615,net,He reported the net earnings in the annual accounts.,after deductions,remaining after all deductions such as tax or costs
616,net,She searched for the recipe on the net.,internet,the global network connecting computers worldwide
617,net,He spent the evening browsing the net for cheap flights.,internet,the global network connecting computers worldwide
618,net,She bought the tickets on the net rather than at the box office.,internet,the global network connecting computers worldwide
619,net,He was one of the first in his town to access the net.,internet,the global network connecting computers worldwide
620,net,She published her photographs on the net.,internet,the global network connecting computers worldwide
621,net,He found the information on the net within seconds.,internet,the global network connecting computers worldwide
622,net,She made new friends through the net.,internet,the global network connecting computers worldwide
623,net,He ran his entire business through the net.,internet,the global network connecting computers worldwide
624,net,She was cautious about what she shared on the net.,internet,the global network connecting computers worldwide
625,net,He complained that his net connection was slow.,internet,the global network connecting computers worldwide
626,net,She researched the condition on the net before seeing the doctor.,internet,the global network connecting computers worldwide
627,net,He learned to code using free tutorials on the net.,internet,the global network connecting computers worldwide
628,net,She advertised the flat for rent on the net.,internet,the global network connecting computers worldwide
629,net,He met his wife through a community on the net.,internet,the global network connecting computers worldwide
630,net,She followed the news primarily through the net.,internet,the global network connecting computers worldwide
631,light,She switched on the light before entering the dark room.,illumination,the natural agent that makes things visible
632,light,The light from the window cast long shadows across the floor.,illumination,the natural agent that makes things visible
633,light,He could barely read in the dim light of the lamp.,illumination,the natural agent that makes things visible
634,light,The northern lights lit up the sky in brilliant colors.,illumination,the natural agent that makes things visible
635,light,She shielded her eyes from the bright morning light.,illumination,the natural agent that makes things visible
636,light,The lighthouse sent a beam of light across the dark sea.,illumination,the natural agent that makes things visible
637,light,He replaced the light bulb in the hallway fixture.,illumination,the natural agent that makes things visible
638,light,The room felt cheerful and airy with plenty of natural light.,illumination,the natural agent that makes things visible
639,light,The light in the refrigerator came on when she opened it.,illumination,the natural agent that makes things visible
640,light,She adjusted the blinds to reduce the glare of the light.,illumination,the natural agent that makes things visible
641,light,The neon light above the shop flickered on and off.,illumination,the natural agent that makes things visible
642,light,He studied the way light refracted through the prism.,illumination,the natural agent that makes things visible
643,light,The candle provided just enough light to read by.,illumination,the natural agent that makes things visible
644,light,She took photographs in golden light near sunset.,illumination,the natural agent that makes things visible
645,light,The light at the end of the tunnel grew brighter.,illumination,the natural agent that makes things visible
646,light,She chose a light fabric for the summer dress.,not heavy,having little weight or low intensity
647,light,The backpack was surprisingly light despite looking large.,not heavy,having little weight or low intensity
648,light,He preferred a light lunch before the afternoon meeting.,not heavy,having little weight or low intensity
649,light,The feather was so light it floated on the air.,not heavy,having little weight or low intensity
650,light,She made a light salad with cucumber and mint.,not heavy,having little weight or low intensity
651,light,The helmet was light enough to wear all day comfortably.,not heavy,having little weight or low intensity
652,light,He took a light jacket in case the evening turned cool.,not heavy,having little weight or low intensity
653,light,The doctor recommended light exercise after the surgery.,not heavy,having little weight or low intensity
654,light,She found the suitcase light enough to carry herself.,not heavy,having little weight or low intensity
655,light,He sipped a light beer at the end of a long day.,not heavy,having little weight or low intensity
656,light,"The material was light and breathable, perfect for running.",not heavy,having little weight or low intensity
657,light,She gave him a light tap on the shoulder.,not heavy,having little weight or low intensity
658,light,"The load was light, so they finished early.",not heavy,having little weight or low intensity
659,light,"He slept only lightly, waking at every sound.",not heavy,having little weight or low intensity
660,light,She kept her schedule light in the first week back.,not heavy,having little weight or low intensity
661,light,She lit the candles on the birthday cake.,to ignite,to cause something to start burning or to switch on
662,light,He lit a match to start the campfire.,to ignite,to cause something to start burning or to switch on
663,light,"The pilot light on the stove went out, so she relit it.",to ignite,to cause something to start burning or to switch on
664,light,He flicked his lighter to light the bonfire.,to ignite,to cause something to start burning or to switch on
665,light,She used kindling to light the fire in the grate.,to ignite,to cause something to start burning or to switch on
666,light,The firefighter lit a controlled burn to clear the brush.,to ignite,to cause something to start burning or to switch on
667,light,He struggled to light the barbecue in the wind.,to ignite,to cause something to start burning or to switch on
668,light,She lit the lantern before the long hike back.,to ignite,to cause something to start burning or to switch on
669,light,He lit a cigarette and gazed at the stars.,to ignite,to cause something to start burning or to switch on
670,light,The campers lit the stove to heat the evening meal.,to ignite,to cause something to start burning or to switch on
671,light,She carefully lit the gas ring and set the pan on top.,to ignite,to cause something to start burning or to switch on
672,light,He lit the incense stick and placed it in the holder.,to ignite,to cause something to start burning or to switch on
673,light,The sparks from the flint finally lit the tinder.,to ignite,to cause something to start burning or to switch on
674,light,She lit the torches along the garden path.,to ignite,to cause something to start burning or to switch on
675,light,He could not light the fire because the wood was wet.,to ignite,to cause something to start burning or to switch on
676,match,The football match ended in a thrilling draw.,sports contest,a competitive game or sporting event
677,match,She watched the tennis match with growing excitement.,sports contest,a competitive game or sporting event
678,match,The boxing match lasted all twelve rounds.,sports contest,a competitive game or sporting event
679,match,He scored the winning goal in the final match.,sports contest,a competitive game or sporting event
680,match,The cricket match was abandoned due to rain.,sports contest,a competitive game or sporting event
681,match,She trained hard for the championship match.,sports contest,a competitive game or sporting event
682,match,The match between the two rivals drew a huge crowd.,sports contest,a competitive game or sporting event
683,match,He refereed the match between the two local clubs.,sports contest,a competitive game or sporting event
684,match,The match kicked off at seven o clock sharp.,sports contest,a competitive game or sporting event
685,match,She was nervous before her first competitive match.,sports contest,a competitive game or sporting event
686,match,The squash match was intense and closely contested.,sports contest,a competitive game or sporting event
687,match,He commentated on the match for the radio station.,sports contest,a competitive game or sporting event
688,match,The match was postponed due to a waterlogged pitch.,sports contest,a competitive game or sporting event
689,match,She won the match in three straight sets.,sports contest,a competitive game or sporting event
690,match,The team celebrated after their victory in the match.,sports contest,a competitive game or sporting event
691,match,He struck a match and lit the candle.,fire stick,a small stick tipped with a chemical that ignites by friction
692,match,She kept a box of matches in the kitchen drawer.,fire stick,a small stick tipped with a chemical that ignites by friction
693,match,He pulled a match from the box and scraped it on the side.,fire stick,a small stick tipped with a chemical that ignites by friction
694,match,The match flared briefly in the wind before going out.,fire stick,a small stick tipped with a chemical that ignites by friction
695,match,She handed him a match to light the gas stove.,fire stick,a small stick tipped with a chemical that ignites by friction
696,match,The whole box of matches got wet in the rain.,fire stick,a small stick tipped with a chemical that ignites by friction
697,match,He lit the bonfire with a single match.,fire stick,a small stick tipped with a chemical that ignites by friction
698,match,She struck three matches before one finally caught.,fire stick,a small stick tipped with a chemical that ignites by friction
699,match,The safety match only ignites on its own box.,fire stick,a small stick tipped with a chemical that ignites by friction
700,match,He saved a single match for the last candle.,fire stick,a small stick tipped with a chemical that ignites by friction
701,match,She used a long match to light the fireplace safely.,fire stick,a small stick tipped with a chemical that ignites by friction
702,match,The camper struck a match to start the camp stove.,fire stick,a small stick tipped with a chemical that ignites by friction
703,match,He fumbled in the dark for the box of matches.,fire stick,a small stick tipped with a chemical that ignites by friction
704,match,She shook the box and heard only two matches left.,fire stick,a small stick tipped with a chemical that ignites by friction
705,match,The match went out before he could touch it to the wick.,fire stick,a small stick tipped with a chemical that ignites by friction
706,match,Her earrings match her necklace perfectly.,to correspond,to be the same as or compatible with something else
707,match,He made sure the tie matched his shirt.,to correspond,to be the same as or compatible with something else
708,match,The curtains match the sofa in color and pattern.,to correspond,to be the same as or compatible with something else
709,match,She found shoes that matched the bridesmaid dress.,to correspond,to be the same as or compatible with something else
710,match,The paint color matched the sample card exactly.,to correspond,to be the same as or compatible with something else
711,match,He struggled to find socks that matched each morning.,to correspond,to be the same as or compatible with something else
712,match,The twins wore outfits that matched completely.,to correspond,to be the same as or compatible with something else
713,match,She matched each name to its corresponding face in the photo.,to correspond,to be the same as or compatible with something else
714,match,The data matched the predictions from the model.,to correspond,to be the same as or compatible with something else
715,match,He confirmed the serial number matched the warranty card.,to correspond,to be the same as or compatible with something else
716,match,The symptoms matched those described in the textbook.,to correspond,to be the same as or compatible with something else
717,match,She checked that the signatures matched on the contract.,to correspond,to be the same as or compatible with something else
718,match,The new carpet matched the original flooring surprisingly well.,to correspond,to be the same as or compatible with something else
719,match,His actions never seemed to match his words.,to correspond,to be the same as or compatible with something else
720,match,The luggage tag matched the name on the boarding pass.,to correspond,to be the same as or compatible with something else
721,bark,The dog's bark echoed through the empty street.,dog sound,the short loud sound made by a dog
722,bark,She was startled by the sudden bark from next door.,dog sound,the short loud sound made by a dog
723,bark,The bark of the guard dog scared off the intruder.,dog sound,the short loud sound made by a dog
724,bark,He heard a bark from the kennel as he passed.,dog sound,the short loud sound made by a dog
725,bark,The puppy's bark was high-pitched and excited.,dog sound,the short loud sound made by a dog
726,bark,She recognised her dog's bark from inside the house.,dog sound,the short loud sound made by a dog
727,bark,The bark grew louder as the stranger approached the gate.,dog sound,the short loud sound made by a dog
728,bark,He told the dog to stop its constant bark.,dog sound,the short loud sound made by a dog
729,bark,The bark woke the whole family at three in the morning.,dog sound,the short loud sound made by a dog
730,bark,She trained the dog to bark only on command.,dog sound,the short loud sound made by a dog
731,bark,The bark of the stray dog kept him awake.,dog sound,the short loud sound made by a dog
732,bark,The deep bark warned visitors that the dog was large.,dog sound,the short loud sound made by a dog
733,bark,She soothed the dog after it let out a frightened bark.,dog sound,the short loud sound made by a dog
734,bark,The bark softened into a whine as the dog relaxed.,dog sound,the short loud sound made by a dog
735,bark,He laughed at the tiny bark from the enormous dog.,dog sound,the short loud sound made by a dog
736,bark,She peeled a strip of bark from the silver birch tree.,tree covering,the tough outer layer of the trunk and branches of a tree
737,bark,The rough bark of the oak scratched his hand.,tree covering,the tough outer layer of the trunk and branches of a tree
738,bark,He carved their initials into the bark of the tree.,tree covering,the tough outer layer of the trunk and branches of a tree
739,bark,The bark was thick and deeply furrowed on the ancient pine.,tree covering,the tough outer layer of the trunk and branches of a tree
740,bark,She used strips of bark to weave a small basket.,tree covering,the tough outer layer of the trunk and branches of a tree
741,bark,The beetle tunneled beneath the bark of the dead tree.,tree covering,the tough outer layer of the trunk and branches of a tree
742,bark,He examined the bark to identify the species of tree.,tree covering,the tough outer layer of the trunk and branches of a tree
743,bark,The bark of the cinnamon tree is used as a spice.,tree covering,the tough outer layer of the trunk and branches of a tree
744,bark,She showed the class how to make charcoal from bark.,tree covering,the tough outer layer of the trunk and branches of a tree
745,bark,The bark protected the tree from frost and insects.,tree covering,the tough outer layer of the trunk and branches of a tree
746,bark,He noticed pale patches on the bark caused by a fungus.,tree covering,the tough outer layer of the trunk and branches of a tree
747,bark,She pressed a piece of bark in her nature journal.,tree covering,the tough outer layer of the trunk and branches of a tree
748,bark,The bark was smooth and papery on the young tree.,tree covering,the tough outer layer of the trunk and branches of a tree
749,bark,Lichen covered the bark of the oldest trees in the forest.,tree covering,the tough outer layer of the trunk and branches of a tree
750,bark,He used a knife to shave thin curls of bark for tinder.,tree covering,the tough outer layer of the trunk and branches of a tree
751,plant,She watered the plant on the windowsill every morning.,living organism,"a living thing that grows in soil, such as a flower or tree"
752,plant,The plant grew toward the light on the south-facing wall.,living organism,"a living thing that grows in soil, such as a flower or tree"
753,plant,He bought a new plant for the living room.,living organism,"a living thing that grows in soil, such as a flower or tree"
754,plant,The plant wilted because it had not been watered.,living organism,"a living thing that grows in soil, such as a flower or tree"
755,plant,She repotted the plant into a bigger container.,living organism,"a living thing that grows in soil, such as a flower or tree"
756,plant,The tropical plant needed high humidity to thrive.,living organism,"a living thing that grows in soil, such as a flower or tree"
757,plant,He pruned the plant to encourage bushy growth.,living organism,"a living thing that grows in soil, such as a flower or tree"
758,plant,The plant produced tiny white flowers in early summer.,living organism,"a living thing that grows in soil, such as a flower or tree"
759,plant,She identified the plant using a field guide.,living organism,"a living thing that grows in soil, such as a flower or tree"
760,plant,"The plant was poisonous, so she wore gloves.",living organism,"a living thing that grows in soil, such as a flower or tree"
761,plant,He admired the rare plant in the botanical garden.,living organism,"a living thing that grows in soil, such as a flower or tree"
762,plant,The plant had been in the family for over twenty years.,living organism,"a living thing that grows in soil, such as a flower or tree"
763,plant,She propagated the plant from a single leaf cutting.,living organism,"a living thing that grows in soil, such as a flower or tree"
764,plant,The plant recovered after she moved it to better light.,living organism,"a living thing that grows in soil, such as a flower or tree"
765,plant,He fertilized the plant once a month during the growing season.,living organism,"a living thing that grows in soil, such as a flower or tree"
766,plant,The car plant employs three thousand workers in the city.,factory,a place where goods are manufactured or assembled
767,plant,She toured the chemical plant as part of her internship.,factory,a place where goods are manufactured or assembled
768,plant,He managed operations at the bottling plant.,factory,a place where goods are manufactured or assembled
769,plant,The power plant supplied electricity to the entire region.,factory,a place where goods are manufactured or assembled
770,plant,She filed a report on emissions from the local plant.,factory,a place where goods are manufactured or assembled
771,plant,He was transferred to the new plant on the outskirts of town.,factory,a place where goods are manufactured or assembled
772,plant,The plant ran three shifts around the clock.,factory,a place where goods are manufactured or assembled
773,plant,She protested against the construction of a nuclear plant.,factory,a place where goods are manufactured or assembled
774,plant,He inspected the machinery at the processing plant.,factory,a place where goods are manufactured or assembled
775,plant,The plant was shut down for two weeks for maintenance.,factory,a place where goods are manufactured or assembled
776,plant,She wore a hard hat and safety goggles inside the plant.,factory,a place where goods are manufactured or assembled
777,plant,The waste plant converted rubbish into energy.,factory,a place where goods are manufactured or assembled
778,plant,He designed the layout of the new assembly plant.,factory,a place where goods are manufactured or assembled
779,plant,The plant produced ten thousand units every day.,factory,a place where goods are manufactured or assembled
780,plant,She reported a safety violation at the plant to the authorities.,factory,a place where goods are manufactured or assembled
781,plant,She planted sunflower seeds along the garden fence.,to place in soil,to put a seed or young plant into the ground to grow
782,plant,He planted a tree in memory of his grandfather.,to place in soil,to put a seed or young plant into the ground to grow
783,plant,They planted the field with wheat in early autumn.,to place in soil,to put a seed or young plant into the ground to grow
784,plant,She planted herbs in pots on the kitchen windowsill.,to place in soil,to put a seed or young plant into the ground to grow
785,plant,He planted roses along the garden path.,to place in soil,to put a seed or young plant into the ground to grow
786,plant,The volunteers planted a hundred oak saplings in the park.,to place in soil,to put a seed or young plant into the ground to grow
787,plant,She planted bulbs in the autumn for a spring display.,to place in soil,to put a seed or young plant into the ground to grow
788,plant,He planted potatoes in rows across the vegetable patch.,to place in soil,to put a seed or young plant into the ground to grow
789,plant,She planted lavender to attract bees to the garden.,to place in soil,to put a seed or young plant into the ground to grow
790,plant,He planted the sapling carefully in the prepared hole.,to place in soil,to put a seed or young plant into the ground to grow
791,plant,She planted strawberries in raised beds near the shed.,to place in soil,to put a seed or young plant into the ground to grow
792,plant,He planted maize across the full width of the field.,to place in soil,to put a seed or young plant into the ground to grow
793,plant,She planted a hedge to give the garden more privacy.,to place in soil,to put a seed or young plant into the ground to grow
794,plant,They planted wildflowers along the motorway verge.,to place in soil,to put a seed or young plant into the ground to grow
795,plant,He planted garlic cloves just before the first frost.,to place in soil,to put a seed or young plant into the ground to grow
796,rock,She balanced on a flat rock in the middle of the stream.,stone,a solid mineral substance forming part of the earth's surface
797,rock,He threw a rock into the lake and watched the ripples.,stone,a solid mineral substance forming part of the earth's surface
798,rock,The climber gripped the cold rock face with both hands.,stone,a solid mineral substance forming part of the earth's surface
799,rock,She collected a smooth rock from the beach as a souvenir.,stone,a solid mineral substance forming part of the earth's surface
800,rock,He sat on a large rock to rest during the hike.,stone,a solid mineral substance forming part of the earth's surface
801,rock,The house was built from local grey rock.,stone,a solid mineral substance forming part of the earth's surface
802,rock,She painted a face on the rock to make a paperweight.,stone,a solid mineral substance forming part of the earth's surface
803,rock,He stumbled and nearly twisted his ankle on a loose rock.,stone,a solid mineral substance forming part of the earth's surface
804,rock,The geologist chipped samples from the rock face.,stone,a solid mineral substance forming part of the earth's surface
805,rock,She used a flat rock to crack open the walnut.,stone,a solid mineral substance forming part of the earth's surface
806,rock,He rolled the heavy rock aside to clear the path.,stone,a solid mineral substance forming part of the earth's surface
807,rock,The ancient inscription was carved into a large rock.,stone,a solid mineral substance forming part of the earth's surface
808,rock,She placed a small rock on the grave as a marker.,stone,a solid mineral substance forming part of the earth's surface
809,rock,He identified the rock as granite by its texture.,stone,a solid mineral substance forming part of the earth's surface
810,rock,The waterfall cascaded down over jagged rocks below.,stone,a solid mineral substance forming part of the earth's surface
811,rock,She grew up listening to classic rock from the seventies.,music genre,a genre of popular music with a strong beat and electric guitars
812,rock,He plays rock guitar in a band at weekends.,music genre,a genre of popular music with a strong beat and electric guitars
813,rock,The rock concert sold out within minutes of tickets going on sale.,music genre,a genre of popular music with a strong beat and electric guitars
814,rock,She preferred rock to pop because of its energy.,music genre,a genre of popular music with a strong beat and electric guitars
815,rock,He downloaded an album of hard rock for the long drive.,music genre,a genre of popular music with a strong beat and electric guitars
816,rock,The rock band released their third studio album last month.,music genre,a genre of popular music with a strong beat and electric guitars
817,rock,She sang along to rock songs in the car.,music genre,a genre of popular music with a strong beat and electric guitars
818,rock,He played air guitar to his favourite rock track.,music genre,a genre of popular music with a strong beat and electric guitars
819,rock,The festival had a dedicated stage just for rock music.,music genre,a genre of popular music with a strong beat and electric guitars
820,rock,She wrote lyrics for the new rock song they were recording.,music genre,a genre of popular music with a strong beat and electric guitars
821,rock,He was inspired to pick up the guitar after hearing rock music.,music genre,a genre of popular music with a strong beat and electric guitars
822,rock,The rock anthem became the team's unofficial anthem.,music genre,a genre of popular music with a strong beat and electric guitars
823,rock,She discovered punk rock while browsing an old record shop.,music genre,a genre of popular music with a strong beat and electric guitars
824,rock,He went to every rock show that came to town.,music genre,a genre of popular music with a strong beat and electric guitars
825,rock,The heavy rock drumming rattled the windows of the van.,music genre,a genre of popular music with a strong beat and electric guitars
826,rock,She rocked the baby gently until it fell asleep.,to sway,to move back and forth or from side to side gently
827,rock,He rocked in the old wooden chair on the porch.,to sway,to move back and forth or from side to side gently
828,rock,The boat rocked in the waves as the storm approached.,to sway,to move back and forth or from side to side gently
829,rock,She rocked back and forth to soothe her anxiety.,to sway,to move back and forth or from side to side gently
830,rock,He rocked on his heels while waiting for the results.,to sway,to move back and forth or from side to side gently
831,rock,The cradle rocked softly in the draught from the window.,to sway,to move back and forth or from side to side gently
832,rock,She rocked the toddler in her arms until he stopped crying.,to sway,to move back and forth or from side to side gently
833,rock,The hammock rocked gently in the breeze.,to sway,to move back and forth or from side to side gently
834,rock,He rocked the carriage to help the baby settle.,to sway,to move back and forth or from side to side gently
835,rock,The treetops rocked in the gusty wind.,to sway,to move back and forth or from side to side gently
836,rock,She rocked on the garden swing as the sun set.,to sway,to move back and forth or from side to side gently
837,rock,He rocked slightly as the train gathered speed.,to sway,to move back and forth or from side to side gently
838,rock,The platform rocked under the weight of the crowd.,to sway,to move back and forth or from side to side gently
839,rock,She rocked the jar to mix the contents together.,to sway,to move back and forth or from side to side gently
840,rock,He rocked forward to read the small print on the notice.,to sway,to move back and forth or from side to side gently
841,wave,A large wave crashed against the pier with a thunderous roar.,water movement,a ridge of water that moves across the surface of the sea
842,wave,She rode the wave on her surfboard all the way to shore.,water movement,a ridge of water that moves across the surface of the sea
843,wave,The wave knocked him off his feet in the shallows.,water movement,a ridge of water that moves across the surface of the sea
844,wave,He watched the waves roll in one after another.,water movement,a ridge of water that moves across the surface of the sea
845,wave,The kayak rose and fell on each passing wave.,water movement,a ridge of water that moves across the surface of the sea
846,wave,She ducked beneath the wave as it broke over her.,water movement,a ridge of water that moves across the surface of the sea
847,wave,The wave eroded the cliffs a little more each year.,water movement,a ridge of water that moves across the surface of the sea
848,wave,He measured the height of the wave for the report.,water movement,a ridge of water that moves across the surface of the sea
849,wave,The small wave barely reached the children building sandcastles.,water movement,a ridge of water that moves across the surface of the sea
850,wave,She screamed as a large wave soaked her from head to toe.,water movement,a ridge of water that moves across the surface of the sea
851,wave,He timed his jump to clear the breaking wave.,water movement,a ridge of water that moves across the surface of the sea
852,wave,"The wave receded, leaving a line of foam on the sand.",water movement,a ridge of water that moves across the surface of the sea
853,wave,She photographed the perfect wave at sunrise.,water movement,a ridge of water that moves across the surface of the sea
854,wave,The harbour walls protected the boats from the worst waves.,water movement,a ridge of water that moves across the surface of the sea
855,wave,He counted the seconds between each wave.,water movement,a ridge of water that moves across the surface of the sea
856,wave,She gave a cheerful wave as she left for work.,hand gesture,a movement of the hand used as a greeting or signal
857,wave,He waved goodbye from the train window.,hand gesture,a movement of the hand used as a greeting or signal
858,wave,She returned his wave from across the busy street.,hand gesture,a movement of the hand used as a greeting or signal
859,wave,The queen gave a slow wave to the crowd below.,hand gesture,a movement of the hand used as a greeting or signal
860,wave,He waved frantically to get the taxi driver's attention.,hand gesture,a movement of the hand used as a greeting or signal
861,wave,She gave a small wave when she saw him in the audience.,hand gesture,a movement of the hand used as a greeting or signal
862,wave,He waved to his neighbour as he drove past.,hand gesture,a movement of the hand used as a greeting or signal
863,wave,She gave the waiter a wave to ask for the bill.,hand gesture,a movement of the hand used as a greeting or signal
864,wave,He smiled and gave a wave to the camera.,hand gesture,a movement of the hand used as a greeting or signal
865,wave,She waved from the airport departure gate.,hand gesture,a movement of the hand used as a greeting or signal
866,wave,He gave a brief wave and disappeared into the building.,hand gesture,a movement of the hand used as a greeting or signal
867,wave,She waved at the children on the school bus.,hand gesture,a movement of the hand used as a greeting or signal
868,wave,He waved to signal that everything was fine.,hand gesture,a movement of the hand used as a greeting or signal
869,wave,She held up her hand in a wave as the car drove away.,hand gesture,a movement of the hand used as a greeting or signal
870,wave,He waved across the room to catch her eye.,hand gesture,a movement of the hand used as a greeting or signal
871,wave,The seismograph detected a wave of energy from the earthquake.,energy pattern,a periodic disturbance travelling through a medium such as sound or light
872,wave,Light travels as a wave through space.,energy pattern,a periodic disturbance travelling through a medium such as sound or light
873,wave,The scientist measured the frequency of the sound wave.,energy pattern,a periodic disturbance travelling through a medium such as sound or light
874,wave,A wave of heat radiated from the bonfire.,energy pattern,a periodic disturbance travelling through a medium such as sound or light
875,wave,She studied how radio waves bounce off the ionosphere.,energy pattern,a periodic disturbance travelling through a medium such as sound or light
876,wave,The wave carried energy from the explosion across the valley.,energy pattern,a periodic disturbance travelling through a medium such as sound or light
877,wave,He explained how a wave transfers energy without moving matter.,energy pattern,a periodic disturbance travelling through a medium such as sound or light
878,wave,The microwave oven used electromagnetic waves to heat food.,energy pattern,a periodic disturbance travelling through a medium such as sound or light
879,wave,She drew a diagram showing the amplitude of the wave.,energy pattern,a periodic disturbance travelling through a medium such as sound or light
880,wave,The ultrasonic wave passed through the material without damage.,energy pattern,a periodic disturbance travelling through a medium such as sound or light
881,wave,He calculated the wavelength of visible light.,energy pattern,a periodic disturbance travelling through a medium such as sound or light
882,wave,The shock wave from the blast shattered nearby windows.,energy pattern,a periodic disturbance travelling through a medium such as sound or light
883,wave,She observed the standing wave pattern in the vibrating string.,energy pattern,a periodic disturbance travelling through a medium such as sound or light
884,wave,The wave of pressure caused the eardrum to vibrate.,energy pattern,a periodic disturbance travelling through a medium such as sound or light
885,wave,He used a wave generator in the physics laboratory.,energy pattern,a periodic disturbance travelling through a medium such as sound or light
886,pitch,The pitcher threw a perfect pitch down the middle.,throw in sports,the act of throwing the ball toward the batter or batsman
887,pitch,He swung and missed the first pitch completely.,throw in sports,the act of throwing the ball toward the batter or batsman
888,pitch,She watched the pitch arc over the plate before calling strike.,throw in sports,the act of throwing the ball toward the batter or batsman
889,pitch,The bowler's pitch landed just outside the off stump.,throw in sports,the act of throwing the ball toward the batter or batsman
890,pitch,He practiced his pitch for hours in the nets.,throw in sports,the act of throwing the ball toward the batter or batsman
891,pitch,She timed her swing to connect with the low pitch.,throw in sports,the act of throwing the ball toward the batter or batsman
892,pitch,The opening pitch of the game was televised live.,throw in sports,the act of throwing the ball toward the batter or batsman
893,pitch,He delivered a pitch that curved sharply at the last moment.,throw in sports,the act of throwing the ball toward the batter or batsman
894,pitch,She read the spin on the pitch before deciding to step back.,throw in sports,the act of throwing the ball toward the batter or batsman
895,pitch,The fast pitch clocked one hundred miles per hour on the radar.,throw in sports,the act of throwing the ball toward the batter or batsman
896,pitch,He signalled the catcher before deciding which pitch to throw.,throw in sports,the act of throwing the ball toward the batter or batsman
897,pitch,She hit the pitch clean over the boundary for six.,throw in sports,the act of throwing the ball toward the batter or batsman
898,pitch,The umpire called a wide on the errant pitch.,throw in sports,the act of throwing the ball toward the batter or batsman
899,pitch,He aimed for the stumps with a perfectly directed pitch.,throw in sports,the act of throwing the ball toward the batter or batsman
900,pitch,She struck out on three consecutive pitches.,throw in sports,the act of throwing the ball toward the batter or batsman
901,pitch,She has perfect pitch and can name any note by ear.,sound frequency,the quality of a sound defined by its rate of vibration
902,pitch,The violin's high pitch carried across the concert hall.,sound frequency,the quality of a sound defined by its rate of vibration
903,pitch,He struggled to match the pitch of the choir.,sound frequency,the quality of a sound defined by its rate of vibration
904,pitch,The pitch of her voice rose when she was excited.,sound frequency,the quality of a sound defined by its rate of vibration
905,pitch,The sound engineer adjusted the pitch of the recording.,sound frequency,the quality of a sound defined by its rate of vibration
906,pitch,She sang the note at exactly the right pitch.,sound frequency,the quality of a sound defined by its rate of vibration
907,pitch,He noticed that the pitch of the engine changed as it accelerated.,sound frequency,the quality of a sound defined by its rate of vibration
908,pitch,The bat uses high-pitch sounds to detect obstacles.,sound frequency,the quality of a sound defined by its rate of vibration
909,pitch,She demonstrated how a longer string produces a lower pitch.,sound frequency,the quality of a sound defined by its rate of vibration
910,pitch,He trained for years to widen the pitch of his singing voice.,sound frequency,the quality of a sound defined by its rate of vibration
911,pitch,The pitch of the alarm is designed to be impossible to ignore.,sound frequency,the quality of a sound defined by its rate of vibration
912,pitch,She tuned her instrument until the pitch was exactly right.,sound frequency,the quality of a sound defined by its rate of vibration
913,pitch,He played each string to check its pitch before the recital.,sound frequency,the quality of a sound defined by its rate of vibration
914,pitch,The pitch of the tones in the melody rose steadily.,sound frequency,the quality of a sound defined by its rate of vibration
915,pitch,She could hear the slight drop in pitch as the batteries weakened.,sound frequency,the quality of a sound defined by its rate of vibration
916,pitch,He delivered a compelling pitch to the venture capitalists.,sales speech,a persuasive presentation made to sell something or gain support
917,pitch,She rehearsed her pitch before the investor meeting.,sales speech,a persuasive presentation made to sell something or gain support
918,pitch,His pitch lasted only three minutes but won the contract.,sales speech,a persuasive presentation made to sell something or gain support
919,pitch,She used slides and data to strengthen her pitch.,sales speech,a persuasive presentation made to sell something or gain support
920,pitch,He lost the deal because his pitch was too vague.,sales speech,a persuasive presentation made to sell something or gain support
921,pitch,She practised her elevator pitch until it felt natural.,sales speech,a persuasive presentation made to sell something or gain support
922,pitch,His pitch convinced the panel to fund his startup.,sales speech,a persuasive presentation made to sell something or gain support
923,pitch,She tailored her pitch to suit each potential buyer.,sales speech,a persuasive presentation made to sell something or gain support
924,pitch,He opened his pitch with a striking statistic.,sales speech,a persuasive presentation made to sell something or gain support
925,pitch,She ended the pitch by demonstrating the product live.,sales speech,a persuasive presentation made to sell something or gain support
926,pitch,His pitch was polished but lacked genuine passion.,sales speech,a persuasive presentation made to sell something or gain support
927,pitch,She spent a week preparing her pitch for the competition.,sales speech,a persuasive presentation made to sell something or gain support
928,pitch,"The winning pitch was simple, clear, and memorable.",sales speech,a persuasive presentation made to sell something or gain support
929,pitch,He answered every question after his pitch with confidence.,sales speech,a persuasive presentation made to sell something or gain support
930,pitch,She refined her pitch based on feedback from early presentations.,sales speech,a persuasive presentation made to sell something or gain support
931,pitch,The football pitch was waterlogged after heavy overnight rain.,playing field,an area of ground used for playing a sport
932,pitch,She ran laps around the pitch before training.,playing field,an area of ground used for playing a sport
933,pitch,He marked out the pitch with white spray paint.,playing field,an area of ground used for playing a sport
934,pitch,The groundskeeper mowed the pitch on Monday morning.,playing field,an area of ground used for playing a sport
935,pitch,She slid across the wet pitch to make the tackle.,playing field,an area of ground used for playing a sport
936,pitch,He studied the condition of the pitch before the match.,playing field,an area of ground used for playing a sport
937,pitch,The synthetic pitch allowed play in any weather.,playing field,an area of ground used for playing a sport
938,pitch,She loved the feeling of running on a freshly cut pitch.,playing field,an area of ground used for playing a sport
939,pitch,He kicked the ball from one end of the pitch to the other.,playing field,an area of ground used for playing a sport
940,pitch,The pitch dimensions met the international standard.,playing field,an area of ground used for playing a sport
941,pitch,She jogged onto the pitch to warm up with her teammates.,playing field,an area of ground used for playing a sport
942,pitch,He fell and grazed his knee on the hard pitch surface.,playing field,an area of ground used for playing a sport
943,pitch,The pitch sloped slightly from north to south.,playing field,an area of ground used for playing a sport
944,pitch,She held her position in the centre of the pitch throughout.,playing field,an area of ground used for playing a sport
945,pitch,He took the free kick from the edge of the pitch.,playing field,an area of ground used for playing a sport
946,fair,She believed the verdict was fair given the evidence.,just/unbiased,treating people equally and without favouritism
947,fair,He asked the teacher to be fair when marking the exam.,just/unbiased,treating people equally and without favouritism
948,fair,The referee made a fair decision under difficult circumstances.,just/unbiased,treating people equally and without favouritism
949,fair,She demanded a fair hearing before any punishment was given.,just/unbiased,treating people equally and without favouritism
950,fair,He always tried to be fair to both sides in a dispute.,just/unbiased,treating people equally and without favouritism
951,fair,She thought it was fair that everyone contributed equally.,just/unbiased,treating people equally and without favouritism
952,fair,He struggled to find a fair solution that satisfied both parties.,just/unbiased,treating people equally and without favouritism
953,fair,She called for a fair distribution of resources.,just/unbiased,treating people equally and without favouritism
954,fair,"He admitted that the criticism, though harsh, was fair.",just/unbiased,treating people equally and without favouritism
955,fair,She was known for being tough but always fair.,just/unbiased,treating people equally and without favouritism
956,fair,He made a fair offer and hoped they would accept it.,just/unbiased,treating people equally and without favouritism
957,fair,She felt it was not fair to punish the group for one person's mistake.,just/unbiased,treating people equally and without favouritism
958,fair,He proposed a fair system of rotation for the duties.,just/unbiased,treating people equally and without favouritism
959,fair,She insisted that the competition rules were fair to all entrants.,just/unbiased,treating people equally and without favouritism
960,fair,He gave each candidate a fair chance to present their case.,just/unbiased,treating people equally and without favouritism
961,fair,The children rode the carousel at the summer fair.,outdoor event,"a public outdoor event with rides, stalls, and entertainment"
962,fair,She won a goldfish at the hook-a-duck stall at the fair.,outdoor event,"a public outdoor event with rides, stalls, and entertainment"
963,fair,He ate candy floss and toffee apples at the fair.,outdoor event,"a public outdoor event with rides, stalls, and entertainment"
964,fair,The annual fair brought thousands of visitors to the town.,outdoor event,"a public outdoor event with rides, stalls, and entertainment"
965,fair,She screamed on the rollercoaster at the fair.,outdoor event,"a public outdoor event with rides, stalls, and entertainment"
966,fair,He ran the coconut shy stall at the village fair.,outdoor event,"a public outdoor event with rides, stalls, and entertainment"
967,fair,The fair filled the park with noise and colour.,outdoor event,"a public outdoor event with rides, stalls, and entertainment"
968,fair,She queued for an hour to ride the big wheel at the fair.,outdoor event,"a public outdoor event with rides, stalls, and entertainment"
969,fair,He performed magic tricks for the crowd at the school fair.,outdoor event,"a public outdoor event with rides, stalls, and entertainment"
970,fair,The craft fair showcased handmade goods from local artisans.,outdoor event,"a public outdoor event with rides, stalls, and entertainment"
971,fair,She sold homemade jam at the village fair.,outdoor event,"a public outdoor event with rides, stalls, and entertainment"
972,fair,He spent all his pocket money at the fair in one evening.,outdoor event,"a public outdoor event with rides, stalls, and entertainment"
973,fair,The trade fair attracted buyers from across the country.,outdoor event,"a public outdoor event with rides, stalls, and entertainment"
974,fair,She found a vintage brooch at an antiques fair.,outdoor event,"a public outdoor event with rides, stalls, and entertainment"
975,fair,He organised the tombola for the charity fair.,outdoor event,"a public outdoor event with rides, stalls, and entertainment"
976,fair,She had fair skin that burned easily in the sun.,light in color,"light in color, especially referring to skin, hair, or complexion"
977,fair,He had fair hair as a child but it darkened with age.,light in color,"light in color, especially referring to skin, hair, or complexion"
978,fair,She applied sunscreen because of her fair complexion.,light in color,"light in color, especially referring to skin, hair, or complexion"
979,fair,"He was tall, fair-haired, and blue-eyed.",light in color,"light in color, especially referring to skin, hair, or complexion"
980,fair,She was warned to cover up her fair skin on the beach.,light in color,"light in color, especially referring to skin, hair, or complexion"
981,fair,He was of fair complexion and often mistaken for a Swede.,light in color,"light in color, especially referring to skin, hair, or complexion"
982,fair,The portrait showed a fair young woman with curls.,light in color,"light in color, especially referring to skin, hair, or complexion"
983,fair,She wore a hat to protect her fair skin from sunburn.,light in color,"light in color, especially referring to skin, hair, or complexion"
984,fair,He had a fair beard that was almost invisible in photographs.,light in color,"light in color, especially referring to skin, hair, or complexion"
985,fair,She developed a light tan despite her fair skin.,light in color,"light in color, especially referring to skin, hair, or complexion"
986,fair,His fair eyebrows made his expressions hard to read.,light in color,"light in color, especially referring to skin, hair, or complexion"
987,fair,She inherited her fair coloring from her Scandinavian grandmother.,light in color,"light in color, especially referring to skin, hair, or complexion"
988,fair,He was the fairest of all his dark-haired siblings.,light in color,"light in color, especially referring to skin, hair, or complexion"
989,fair,She used a tinted moisturiser suited to fair skin.,light in color,"light in color, especially referring to skin, hair, or complexion"
990,fair,His fair complexion turned red quickly in the cold wind.,light in color,"light in color, especially referring to skin, hair, or complexion"
991,pool,She swam twenty lengths of the pool before breakfast.,swimming pool,an artificial structure filled with water for swimming
992,pool,He jumped into the pool from the highest diving board.,swimming pool,an artificial structure filled with water for swimming
993,pool,The children splashed each other in the shallow end of the pool.,swimming pool,an artificial structure filled with water for swimming
994,pool,She booked a lane at the pool for her early morning swim.,swimming pool,an artificial structure filled with water for swimming
995,pool,He floated on his back and stared at the sky above the pool.,swimming pool,an artificial structure filled with water for swimming
996,pool,The pool was heated to a comfortable temperature all year round.,swimming pool,an artificial structure filled with water for swimming
997,pool,She timed her lap in the pool and beat her personal best.,swimming pool,an artificial structure filled with water for swimming
998,pool,He taught his daughter to swim in the outdoor pool.,swimming pool,an artificial structure filled with water for swimming
999,pool,The hotel pool was surrounded by sunloungers and palm trees.,swimming pool,an artificial structure filled with water for swimming
1000,pool,She changed the pool filter and checked the chemical levels.,swimming pool,an artificial structure filled with water for swimming
1001,pool,He raced his friends across the length of the pool.,swimming pool,an artificial structure filled with water for swimming
1002,pool,The pool was closed for maintenance every Tuesday morning.,swimming pool,an artificial structure filled with water for swimming
1003,pool,She dived elegantly into the pool at the competition.,swimming pool,an artificial structure filled with water for swimming
1004,pool,He sat at the edge of the pool and dangled his feet in.,swimming pool,an artificial structure filled with water for swimming
1005,pool,The pool glittered under the bright afternoon sun.,swimming pool,an artificial structure filled with water for swimming
1006,pool,They decided to pool their savings to buy a car together.,to combine,to put together money or resources for shared use
1007,pool,The companies pooled their research data to speed up progress.,to combine,to put together money or resources for shared use
1008,pool,She suggested they pool their resources for the conference.,to combine,to put together money or resources for shared use
1009,pool,He agreed to pool the prize money with his team.,to combine,to put together money or resources for shared use
1010,pool,The scientists pooled their findings from different laboratories.,to combine,to put together money or resources for shared use
1011,pool,She pooled her frequent flyer miles with her husband's.,to combine,to put together money or resources for shared use
1012,pool,He proposed that the departments pool their budgets.,to combine,to put together money or resources for shared use
1013,pool,They pooled their ideas and came up with a better plan.,to combine,to put together money or resources for shared use
1014,pool,She pooled the tips from the week and divided them equally.,to combine,to put together money or resources for shared use
1015,pool,He recommended they pool their expertise for the project.,to combine,to put together money or resources for shared use
1016,pool,The charities pooled their databases to avoid duplication.,to combine,to put together money or resources for shared use
1017,pool,She pooled her contacts with a colleague to grow their network.,to combine,to put together money or resources for shared use
1018,pool,They pooled their supplies to survive the long winter.,to combine,to put together money or resources for shared use
1019,pool,He agreed to pool costs with his neighbour for the shared fence.,to combine,to put together money or resources for shared use
1020,pool,She pooled orders with colleagues to get a bulk discount.,to combine,to put together money or resources for shared use
1021,pool,There was a pool of water on the bathroom floor.,small liquid area,a small area of liquid lying on a surface
1022,pool,He stepped around the pool of oil on the garage floor.,small liquid area,a small area of liquid lying on a surface
1023,pool,She knelt beside the pool of blood to examine the wound.,small liquid area,a small area of liquid lying on a surface
1024,pool,The rain left a pool of muddy water in the dip.,small liquid area,a small area of liquid lying on a surface
1025,pool,He mopped up the pool of spilt juice quickly.,small liquid area,a small area of liquid lying on a surface
1026,pool,A pool of light from the lamp fell across the desk.,small liquid area,a small area of liquid lying on a surface
1027,pool,She saw her reflection in a pool of water in the gutter.,small liquid area,a small area of liquid lying on a surface
1028,pool,He slipped on a pool of grease near the cooker.,small liquid area,a small area of liquid lying on a surface
1029,pool,The pool of wax hardened quickly as the candle burned down.,small liquid area,a small area of liquid lying on a surface
1030,pool,She dipped her finger into the small pool of paint.,small liquid area,a small area of liquid lying on a surface
1031,pool,A pool of mercury formed when the thermometer broke.,small liquid area,a small area of liquid lying on a surface
1032,pool,He avoided the pool of mud at the field entrance.,small liquid area,a small area of liquid lying on a surface
1033,pool,The leaking pipe left a pool of water under the sink.,small liquid area,a small area of liquid lying on a surface
1034,pool,She photographed the colourful pool of oil on the puddle.,small liquid area,a small area of liquid lying on a surface
1035,pool,He found a pool of melted chocolate in the bottom of the bowl.,small liquid area,a small area of liquid lying on a surface
1036,cross,She wore a gold cross on a chain around her neck.,religious symbol,"a mark formed by two intersecting lines, widely used in Christianity"
1037,cross,The priest held the cross high during the procession.,religious symbol,"a mark formed by two intersecting lines, widely used in Christianity"
1038,cross,A large stone cross marked the entrance to the churchyard.,religious symbol,"a mark formed by two intersecting lines, widely used in Christianity"
1039,cross,He traced the cross on his forehead before praying.,religious symbol,"a mark formed by two intersecting lines, widely used in Christianity"
1040,cross,She lit a candle and knelt before the wooden cross.,religious symbol,"a mark formed by two intersecting lines, widely used in Christianity"
1041,cross,The cross at the top of the steeple was gilded.,religious symbol,"a mark formed by two intersecting lines, widely used in Christianity"
1042,cross,He carved a small cross from a piece of olive wood.,religious symbol,"a mark formed by two intersecting lines, widely used in Christianity"
1043,cross,She placed a cross of flowers on the grave.,religious symbol,"a mark formed by two intersecting lines, widely used in Christianity"
1044,cross,The cross was engraved with the date of the church's founding.,religious symbol,"a mark formed by two intersecting lines, widely used in Christianity"
1045,cross,He sketched the design of the ornate cross for the altar.,religious symbol,"a mark formed by two intersecting lines, widely used in Christianity"
1046,cross,She donated a silver cross to the church collection.,religious symbol,"a mark formed by two intersecting lines, widely used in Christianity"
1047,cross,The cross was visible from the valley below.,religious symbol,"a mark formed by two intersecting lines, widely used in Christianity"
1048,cross,He was moved by the simple wooden cross in the chapel.,religious symbol,"a mark formed by two intersecting lines, widely used in Christianity"
1049,cross,She sewed a cross in red thread onto the white cloth.,religious symbol,"a mark formed by two intersecting lines, widely used in Christianity"
1050,cross,The mosaic cross dominated the apse of the old cathedral.,religious symbol,"a mark formed by two intersecting lines, widely used in Christianity"
1051,cross,She crossed the road carefully at the pedestrian crossing.,to traverse,to go or travel across or over something
1052,cross,He crossed the river on a rope bridge.,to traverse,to go or travel across or over something
1053,cross,She crossed the border into the neighbouring country at dawn.,to traverse,to go or travel across or over something
1054,cross,He crossed the finish line first and raised his arms.,to traverse,to go or travel across or over something
1055,cross,She crossed the room to speak to the host.,to traverse,to go or travel across or over something
1056,cross,He crossed the Alps on foot over several days.,to traverse,to go or travel across or over something
1057,cross,She crossed the desert with only a compass and a map.,to traverse,to go or travel across or over something
1058,cross,He crossed the hallway and knocked on the door opposite.,to traverse,to go or travel across or over something
1059,cross,She crossed the stage to receive her diploma.,to traverse,to go or travel across or over something
1060,cross,He crossed the car park in the pouring rain.,to traverse,to go or travel across or over something
1061,cross,She crossed the bridge just as the drawbridge began to rise.,to traverse,to go or travel across or over something
1062,cross,He crossed the field to take the shortcut home.,to traverse,to go or travel across or over something
1063,cross,She crossed the aisle to introduce herself.,to traverse,to go or travel across or over something
1064,cross,He crossed the threshold of the new house for the first time.,to traverse,to go or travel across or over something
1065,cross,She crossed the courtyard and entered through the side door.,to traverse,to go or travel across or over something
1066,cross,She was cross with him for arriving so late.,angry,feeling or showing annoyance or irritation
1067,cross,He was cross about the mess left in the kitchen.,angry,feeling or showing annoyance or irritation
1068,cross,She gave a cross look when he interrupted her again.,angry,feeling or showing annoyance or irritation
1069,cross,He was cross that no one had told him about the meeting.,angry,feeling or showing annoyance or irritation
1070,cross,She became cross when her instructions were ignored.,angry,feeling or showing annoyance or irritation
1071,cross,He was cross with himself for making such an obvious mistake.,angry,feeling or showing annoyance or irritation
1072,cross,She snapped in a cross tone when asked the same question twice.,angry,feeling or showing annoyance or irritation
1073,cross,He could tell she was cross by the way she slammed the door.,angry,feeling or showing annoyance or irritation
1074,cross,She remained cross for the rest of the evening.,angry,feeling or showing annoyance or irritation
1075,cross,He was particularly cross about being kept waiting.,angry,feeling or showing annoyance or irritation
1076,cross,She spoke in a cross voice that silenced the room.,angry,feeling or showing annoyance or irritation
1077,cross,He got cross when the delivery arrived at the wrong address.,angry,feeling or showing annoyance or irritation
1078,cross,She was cross but tried to hide it in front of the guests.,angry,feeling or showing annoyance or irritation
1079,cross,"He stormed off, clearly cross about what had been said.",angry,feeling or showing annoyance or irritation
1080,cross,She was cross to find the cupboard empty again.,angry,feeling or showing annoyance or irritation
1081,crane,The crane lifted the steel beam high above the building site.,lifting machine,a large machine used at construction sites to lift and move heavy objects
1082,crane,He operated the crane from a cab sixty metres off the ground.,lifting machine,a large machine used at construction sites to lift and move heavy objects
1083,crane,The tower crane dominated the skyline of the new development.,lifting machine,a large machine used at construction sites to lift and move heavy objects
1084,crane,She watched the crane lower the prefabricated wall section.,lifting machine,a large machine used at construction sites to lift and move heavy objects
1085,crane,He attached the load to the crane's hook and signalled upward.,lifting machine,a large machine used at construction sites to lift and move heavy objects
1086,crane,The crane swung the concrete block into position.,lifting machine,a large machine used at construction sites to lift and move heavy objects
1087,crane,She filed the crane operator's daily safety log.,lifting machine,a large machine used at construction sites to lift and move heavy objects
1088,crane,The mobile crane was driven onto the site at dawn.,lifting machine,a large machine used at construction sites to lift and move heavy objects
1089,crane,He maintained the crane to keep it in working order.,lifting machine,a large machine used at construction sites to lift and move heavy objects
1090,crane,"The crane collapsed in the high winds, causing damage.",lifting machine,a large machine used at construction sites to lift and move heavy objects
1091,crane,She inspected the crane's cables before authorising use.,lifting machine,a large machine used at construction sites to lift and move heavy objects
1092,crane,He used the crane to place the turbine on its mounting.,lifting machine,a large machine used at construction sites to lift and move heavy objects
1093,crane,The harbour crane loaded containers onto the cargo ship.,lifting machine,a large machine used at construction sites to lift and move heavy objects
1094,crane,She calculated the maximum load the crane could safely lift.,lifting machine,a large machine used at construction sites to lift and move heavy objects
1095,crane,He positioned the crane carefully before beginning the lift.,lifting machine,a large machine used at construction sites to lift and move heavy objects
1096,crane,A crane stood motionless at the edge of the shallow lake.,wading bird,"a large long-legged wading bird with a long neck, found in wetlands"
1097,crane,She watched the crane probe the mud with its long bill.,wading bird,"a large long-legged wading bird with a long neck, found in wetlands"
1098,crane,"The crane took flight with slow, powerful wingbeats.",wading bird,"a large long-legged wading bird with a long neck, found in wetlands"
1099,crane,He photographed the pair of cranes dancing in the field.,wading bird,"a large long-legged wading bird with a long neck, found in wetlands"
1100,crane,The crane stretched its neck to catch the passing fish.,wading bird,"a large long-legged wading bird with a long neck, found in wetlands"
1101,crane,She spotted a rare crane at the nature reserve.,wading bird,"a large long-legged wading bird with a long neck, found in wetlands"
1102,crane,The cranes migrated south as autumn arrived.,wading bird,"a large long-legged wading bird with a long neck, found in wetlands"
1103,crane,He drew a detailed sketch of the crane wading in the river.,wading bird,"a large long-legged wading bird with a long neck, found in wetlands"
1104,crane,The crane's grey plumage blended into the reed beds.,wading bird,"a large long-legged wading bird with a long neck, found in wetlands"
1105,crane,She set up her telescope to observe the feeding crane.,wading bird,"a large long-legged wading bird with a long neck, found in wetlands"
1106,crane,The crane stood over a metre tall on its long legs.,wading bird,"a large long-legged wading bird with a long neck, found in wetlands"
1107,crane,He identified the call of the crane from a distance.,wading bird,"a large long-legged wading bird with a long neck, found in wetlands"
1108,crane,The wetland habitat was restored to attract breeding cranes.,wading bird,"a large long-legged wading bird with a long neck, found in wetlands"
1109,crane,She counted twelve cranes on the same lagoon.,wading bird,"a large long-legged wading bird with a long neck, found in wetlands"
1110,crane,The crane arched its neck before taking off.,wading bird,"a large long-legged wading bird with a long neck, found in wetlands"
1111,mint,She added a sprig of mint to the glass of iced tea.,herb,a fragrant plant whose leaves are used in cooking and drinks
1112,mint,He grew mint in a pot on the kitchen windowsill.,herb,a fragrant plant whose leaves are used in cooking and drinks
1113,mint,She made a mint sauce to serve with the roast lamb.,herb,a fragrant plant whose leaves are used in cooking and drinks
1114,mint,He crushed fresh mint leaves into the cocktail.,herb,a fragrant plant whose leaves are used in cooking and drinks
1115,mint,The mojito was refreshing with plenty of crushed mint.,herb,a fragrant plant whose leaves are used in cooking and drinks
1116,mint,She dried mint from the garden to use through the winter.,herb,a fragrant plant whose leaves are used in cooking and drinks
1117,mint,He asked for a mint garnish on the dessert.,herb,a fragrant plant whose leaves are used in cooking and drinks
1118,mint,She made a soothing mint tea before bed.,herb,a fragrant plant whose leaves are used in cooking and drinks
1119,mint,He enjoyed dates stuffed with almonds and a hint of mint.,herb,a fragrant plant whose leaves are used in cooking and drinks
1120,mint,The aroma of mint filled the kitchen when she cooked.,herb,a fragrant plant whose leaves are used in cooking and drinks
1121,mint,She used mint essential oil to make a cooling balm.,herb,a fragrant plant whose leaves are used in cooking and drinks
1122,mint,He steeped fresh mint in hot water for a herbal remedy.,herb,a fragrant plant whose leaves are used in cooking and drinks
1123,mint,She loved the combination of chocolate and mint.,herb,a fragrant plant whose leaves are used in cooking and drinks
1124,mint,He noticed mint growing wild along the riverbank.,herb,a fragrant plant whose leaves are used in cooking and drinks
1125,mint,She added shredded mint to the tabbouleh salad.,herb,a fragrant plant whose leaves are used in cooking and drinks
1126,mint,The Royal Mint produces all of the UK's circulation coins.,coin factory,an official place where a country's coins are manufactured
1127,mint,She visited the mint as part of a school trip.,coin factory,an official place where a country's coins are manufactured
1128,mint,He watched the mint stamp the design onto the blank metal discs.,coin factory,an official place where a country's coins are manufactured
1129,mint,The mint released a commemorative coin for the jubilee.,coin factory,an official place where a country's coins are manufactured
1130,mint,She bought a proof set directly from the mint.,coin factory,an official place where a country's coins are manufactured
1131,mint,He collected coins with the mint mark of different years.,coin factory,an official place where a country's coins are manufactured
1132,mint,The mint increased production to meet demand for the new currency.,coin factory,an official place where a country's coins are manufactured
1133,mint,She wrote a report on the history of the national mint.,coin factory,an official place where a country's coins are manufactured
1134,mint,He examined the mint mark on the rare coin.,coin factory,an official place where a country's coins are manufactured
1135,mint,The mint used advanced technology to prevent counterfeiting.,coin factory,an official place where a country's coins are manufactured
1136,mint,She noticed that the coin had been struck at the Denver mint.,coin factory,an official place where a country's coins are manufactured
1137,mint,He toured the secure facility at the mint.,coin factory,an official place where a country's coins are manufactured
1138,mint,The mint melted down old coins to recycle the metal.,coin factory,an official place where a country's coins are manufactured
1139,mint,She purchased a limited edition medal from the mint.,coin factory,an official place where a country's coins are manufactured
1140,mint,He learned that the mint operated under strict government oversight.,coin factory,an official place where a country's coins are manufactured
1141,mint,The vintage car was in mint condition despite being fifty years old.,perfect condition,"in pristine or unused condition, as if newly made"
1142,mint,She sold the toy still in mint condition in its original box.,perfect condition,"in pristine or unused condition, as if newly made"
1143,mint,He found a mint condition comic book at the car boot sale.,perfect condition,"in pristine or unused condition, as if newly made"
1144,mint,The stamp was worth a lot more because it was in mint condition.,perfect condition,"in pristine or unused condition, as if newly made"
1145,mint,She kept all her vinyl records in mint condition.,perfect condition,"in pristine or unused condition, as if newly made"
1146,mint,He was impressed by the mint condition of the second-hand bike.,perfect condition,"in pristine or unused condition, as if newly made"
1147,mint,"The book was mint condition, with no creases in the spine.",perfect condition,"in pristine or unused condition, as if newly made"
1148,mint,She described the laptop as mint condition in the listing.,perfect condition,"in pristine or unused condition, as if newly made"
1149,mint,He collected only mint condition coins for his display case.,perfect condition,"in pristine or unused condition, as if newly made"
1150,mint,The shoes had been worn once and were almost mint condition.,perfect condition,"in pristine or unused condition, as if newly made"
1151,mint,She stored her collectibles carefully to preserve their mint condition.,perfect condition,"in pristine or unused condition, as if newly made"
1152,mint,He bought the camera in mint condition from a careful owner.,perfect condition,"in pristine or unused condition, as if newly made"
1153,mint,"The watch was mint condition, including original papers and box.",perfect condition,"in pristine or unused condition, as if newly made"
1154,mint,She was delighted to find the first edition in mint condition.,perfect condition,"in pristine or unused condition, as if newly made"
1155,mint,He valued the figurine at a premium because of its mint condition.,perfect condition,"in pristine or unused condition, as if newly made"
1156,fine,She received a fine for parking on a double yellow line.,penalty fee,a sum of money paid as a penalty for breaking a rule or law
1157,fine,He paid the fine at the council office the same afternoon.,penalty fee,a sum of money paid as a penalty for breaking a rule or law
1158,fine,She was issued a fine for speeding on the motorway.,penalty fee,a sum of money paid as a penalty for breaking a rule or law
1159,fine,He contested the fine because the sign was not visible.,penalty fee,a sum of money paid as a penalty for breaking a rule or law
1160,fine,She forgot to renew her licence and received a fine.,penalty fee,a sum of money paid as a penalty for breaking a rule or law
1161,fine,He was fined for dropping litter in the town centre.,penalty fee,a sum of money paid as a penalty for breaking a rule or law
1162,fine,She was issued a fixed penalty fine by the traffic warden.,penalty fee,a sum of money paid as a penalty for breaking a rule or law
1163,fine,He appealed the fine and had it reduced on review.,penalty fee,a sum of money paid as a penalty for breaking a rule or law
1164,fine,She paid the library fine to clear her account.,penalty fee,a sum of money paid as a penalty for breaking a rule or law
1165,fine,He received a fine for failing to display a valid tax disc.,penalty fee,a sum of money paid as a penalty for breaking a rule or law
1166,fine,She was given a fine for using her phone while driving.,penalty fee,a sum of money paid as a penalty for breaking a rule or law
1167,fine,He forgot to pay the fine and received a reminder.,penalty fee,a sum of money paid as a penalty for breaking a rule or law
1168,fine,She thought the fine was excessive for such a minor offence.,penalty fee,a sum of money paid as a penalty for breaking a rule or law
1169,fine,He set up a direct debit to pay the court fine in instalments.,penalty fee,a sum of money paid as a penalty for breaking a rule or law
1170,fine,She was embarrassed to receive a fine in front of her colleagues.,penalty fee,a sum of money paid as a penalty for breaking a rule or law
1171,fine,She admired the fine craftsmanship of the antique cabinet.,of high quality,"of very high quality, skill, or refinement"
1172,fine,He wore a suit of fine Italian wool.,of high quality,"of very high quality, skill, or refinement"
1173,fine,She bought fine china for the dinner party.,of high quality,"of very high quality, skill, or refinement"
1174,fine,He played with fine technique during the recital.,of high quality,"of very high quality, skill, or refinement"
1175,fine,The restaurant served fine cuisine from seasonal ingredients.,of high quality,"of very high quality, skill, or refinement"
1176,fine,She appreciated the fine detail in the embroidery.,of high quality,"of very high quality, skill, or refinement"
1177,fine,He collected fine wines from estates around the world.,of high quality,"of very high quality, skill, or refinement"
1178,fine,She noted the fine balance of flavours in the dish.,of high quality,"of very high quality, skill, or refinement"
1179,fine,He commissioned a fine portrait of the family.,of high quality,"of very high quality, skill, or refinement"
1180,fine,She wrapped the gift in fine tissue paper.,of high quality,"of very high quality, skill, or refinement"
1181,fine,He was known for his fine attention to detail.,of high quality,"of very high quality, skill, or refinement"
1182,fine,She studied fine art at university.,of high quality,"of very high quality, skill, or refinement"
1183,fine,He gave a fine performance that drew a standing ovation.,of high quality,"of very high quality, skill, or refinement"
1184,fine,She was drawn to the fine lines of the architect's design.,of high quality,"of very high quality, skill, or refinement"
1185,fine,He admired the fine finish on the handmade guitar.,of high quality,"of very high quality, skill, or refinement"
1186,fine,She replied that she was fine when asked how she felt.,satisfactory,in good health or a satisfactory state
1187,fine,He said the arrangements were fine and needed no changes.,satisfactory,in good health or a satisfactory state
1188,fine,She assured her parents that she was doing fine at university.,satisfactory,in good health or a satisfactory state
1189,fine,He confirmed that everything was fine with the plan.,satisfactory,in good health or a satisfactory state
1190,fine,"She said the meal was fine, though not exceptional.",satisfactory,in good health or a satisfactory state
1191,fine,He told the doctor he was feeling fine after the operation.,satisfactory,in good health or a satisfactory state
1192,fine,She nodded to show that the timing was fine with her.,satisfactory,in good health or a satisfactory state
1193,fine,He said the report was fine and ready to submit.,satisfactory,in good health or a satisfactory state
1194,fine,She accepted that the compromise was fine for now.,satisfactory,in good health or a satisfactory state
1195,fine,He checked in to confirm the schedule was still fine.,satisfactory,in good health or a satisfactory state
1196,fine,She told the interviewer she was fine with relocating.,satisfactory,in good health or a satisfactory state
1197,fine,He left a voicemail to say the package had arrived fine.,satisfactory,in good health or a satisfactory state
1198,fine,She replied that a table for four was absolutely fine.,satisfactory,in good health or a satisfactory state
1199,fine,He assured the team that the delay was fine and expected.,satisfactory,in good health or a satisfactory state
1200,fine,She said she was fine on her own and did not need help.,satisfactory,in good health or a satisfactory state
1201,fine,She ran fine sand through her fingers on the beach.,thin/delicate,"very thin, delicate, or consisting of tiny particles"
1202,fine,He used a fine brush to add the detail to the painting.,thin/delicate,"very thin, delicate, or consisting of tiny particles"
1203,fine,She threaded the needle with a fine strand of silk.,thin/delicate,"very thin, delicate, or consisting of tiny particles"
1204,fine,He cut the vegetables into fine slivers.,thin/delicate,"very thin, delicate, or consisting of tiny particles"
1205,fine,She spread a fine layer of glaze over the cake.,thin/delicate,"very thin, delicate, or consisting of tiny particles"
1206,fine,He noticed fine lines appearing around his eyes.,thin/delicate,"very thin, delicate, or consisting of tiny particles"
1207,fine,She used a fine-toothed comb to work through the tangles.,thin/delicate,"very thin, delicate, or consisting of tiny particles"
1208,fine,He carved fine grooves into the wooden surface.,thin/delicate,"very thin, delicate, or consisting of tiny particles"
1209,fine,She filtered the liquid through a fine mesh sieve.,thin/delicate,"very thin, delicate, or consisting of tiny particles"
1210,fine,He scattered fine gravel across the path.,thin/delicate,"very thin, delicate, or consisting of tiny particles"
1211,fine,She wore a fine lace veil at the ceremony.,thin/delicate,"very thin, delicate, or consisting of tiny particles"
1212,fine,He engraved a fine inscription on the inside of the ring.,thin/delicate,"very thin, delicate, or consisting of tiny particles"
1213,fine,She applied a fine mist of perfume to her wrist.,thin/delicate,"very thin, delicate, or consisting of tiny particles"
1214,fine,He enjoyed the fine texture of the freshly milled flour.,thin/delicate,"very thin, delicate, or consisting of tiny particles"
1215,fine,She observed the fine veins in the leaf under a magnifying glass.,thin/delicate,"very thin, delicate, or consisting of tiny particles"
1216,fly,She flew to Paris for the weekend.,to travel by air,"to travel through the air, using wings or in an aircraft"
1217,fly,He had never flown before and was nervous about the flight.,to travel by air,"to travel through the air, using wings or in an aircraft"
1218,fly,She flew business class for the first time.,to travel by air,"to travel through the air, using wings or in an aircraft"
1219,fly,He flew the small plane himself for the island hop.,to travel by air,"to travel through the air, using wings or in an aircraft"
1220,fly,She watched the eagle fly over the mountain range.,to travel by air,"to travel through the air, using wings or in an aircraft"
1221,fly,He flew home for the holidays every December.,to travel by air,"to travel through the air, using wings or in an aircraft"
1222,fly,She booked the cheapest available flight to fly to Rome.,to travel by air,"to travel through the air, using wings or in an aircraft"
1223,fly,He learned to fly at a local aerodrome during the summer.,to travel by air,"to travel through the air, using wings or in an aircraft"
1224,fly,She flew directly without any connecting stops.,to travel by air,"to travel through the air, using wings or in an aircraft"
1225,fly,He flew relief supplies to the disaster area.,to travel by air,"to travel through the air, using wings or in an aircraft"
1226,fly,She flew alongside migrating birds in a microlight aircraft.,to travel by air,"to travel through the air, using wings or in an aircraft"
1227,fly,He flew the drone over the field to survey the crops.,to travel by air,"to travel through the air, using wings or in an aircraft"
1228,fly,She flew into a fog and had to use instruments only.,to travel by air,"to travel through the air, using wings or in an aircraft"
1229,fly,He flew the kite high into the afternoon sky.,to travel by air,"to travel through the air, using wings or in an aircraft"
1230,fly,She was the first in her family to fly across the Atlantic.,to travel by air,"to travel through the air, using wings or in an aircraft"
1231,fly,A fly buzzed around the kitchen looking for food.,insect,"a flying insect with two wings, such as a housefly"
1232,fly,She swatted the fly that landed on her arm.,insect,"a flying insect with two wings, such as a housefly"
1233,fly,He set a fly trap near the compost bin.,insect,"a flying insect with two wings, such as a housefly"
1234,fly,A fly settled on the rim of his glass.,insect,"a flying insect with two wings, such as a housefly"
1235,fly,She shooed the fly away from the birthday cake.,insect,"a flying insect with two wings, such as a housefly"
1236,fly,He identified the species of fly from its wing pattern.,insect,"a flying insect with two wings, such as a housefly"
1237,fly,The fly landed on the window and began to clean its legs.,insect,"a flying insect with two wings, such as a housefly"
1238,fly,She closed the screen door to keep flies out of the house.,insect,"a flying insect with two wings, such as a housefly"
1239,fly,He watched the fly walk upside down across the ceiling.,insect,"a flying insect with two wings, such as a housefly"
1240,fly,A fly hovered near the horse's eye on the hot day.,insect,"a flying insect with two wings, such as a housefly"
1241,fly,She swatted at the persistent fly during the outdoor meal.,insect,"a flying insect with two wings, such as a housefly"
1242,fly,He noted that the fly was attracted to the overripe fruit.,insect,"a flying insect with two wings, such as a housefly"
1243,fly,The large horsefly bit through the fabric of his shirt.,insect,"a flying insect with two wings, such as a housefly"
1244,fly,She used fly spray to clear the room before the guests arrived.,insect,"a flying insect with two wings, such as a housefly"
1245,fly,The kitchen fly strip was changed every two weeks.,insect,"a flying insect with two wings, such as a housefly"
1246,fly,Time flies when you are enjoying yourself.,to move fast,to move or pass very quickly
1247,fly,The car flew past at incredible speed.,to move fast,to move or pass very quickly
1248,fly,She flew through the exam with confidence.,to move fast,to move or pass very quickly
1249,fly,He flew down the stairs when he heard the news.,to move fast,to move or pass very quickly
1250,fly,The weeks flew by during the summer.,to move fast,to move or pass very quickly
1251,fly,She flew around the track in a new personal best time.,to move fast,to move or pass very quickly
1252,fly,He flew through the crowd to reach the exit.,to move fast,to move or pass very quickly
1253,fly,The arrow flew true and hit the centre of the target.,to move fast,to move or pass very quickly
1254,fly,She flew out of the door before he could say goodbye.,to move fast,to move or pass very quickly
1255,fly,He flew along the corridor to catch the departing lift.,to move fast,to move or pass very quickly
1256,fly,The rumour flew around the office within minutes.,to move fast,to move or pass very quickly
1257,fly,She flew through the syllabus and was ready to revise.,to move fast,to move or pass very quickly
1258,fly,He flew through the reading list over the long weekend.,to move fast,to move or pass very quickly
1259,fly,The days flew past in a blur of excitement.,to move fast,to move or pass very quickly
1260,fly,She flew through the city streets on her bicycle.,to move fast,to move or pass very quickly
1261,bear,A brown bear emerged from the forest at dusk.,large animal,"a large heavy mammal with thick fur, strong claws, and a stocky build"
1262,bear,She watched the bear catch salmon in the rushing stream.,large animal,"a large heavy mammal with thick fur, strong claws, and a stocky build"
1263,bear,He kept his food in a sealed container so as not to attract a bear.,large animal,"a large heavy mammal with thick fur, strong claws, and a stocky build"
1264,bear,The polar bear swam effortlessly across the icy bay.,large animal,"a large heavy mammal with thick fur, strong claws, and a stocky build"
1265,bear,She saw a mother bear and two cubs on the hillside.,large animal,"a large heavy mammal with thick fur, strong claws, and a stocky build"
1266,bear,He took a photograph of the bear from a safe distance.,large animal,"a large heavy mammal with thick fur, strong claws, and a stocky build"
1267,bear,The grizzly bear charged when it felt threatened.,large animal,"a large heavy mammal with thick fur, strong claws, and a stocky build"
1268,bear,She learned how to respond if she encountered a bear on the trail.,large animal,"a large heavy mammal with thick fur, strong claws, and a stocky build"
1269,bear,The bear rummaged through the campsite in the night.,large animal,"a large heavy mammal with thick fur, strong claws, and a stocky build"
1270,bear,He watched the bear scratch its back on a tree.,large animal,"a large heavy mammal with thick fur, strong claws, and a stocky build"
1271,bear,The panda is technically classified as a bear.,large animal,"a large heavy mammal with thick fur, strong claws, and a stocky build"
1272,bear,She donated to a charity protecting bears in the wild.,large animal,"a large heavy mammal with thick fur, strong claws, and a stocky build"
1273,bear,The bear hibernated throughout the coldest months.,large animal,"a large heavy mammal with thick fur, strong claws, and a stocky build"
1274,bear,He read about the black bear's diet and habitat.,large animal,"a large heavy mammal with thick fur, strong claws, and a stocky build"
1275,bear,The bear stood on its hind legs to look over the ridge.,large animal,"a large heavy mammal with thick fur, strong claws, and a stocky build"
1276,bear,She had to bear the weight of the decision alone.,to carry/endure,"to carry, hold, or endure something difficult or burdensome"
1277,bear,He bore the pain without complaint throughout the treatment.,to carry/endure,"to carry, hold, or endure something difficult or burdensome"
1278,bear,She bore the news of the loss with great dignity.,to carry/endure,"to carry, hold, or endure something difficult or burdensome"
1279,bear,He could not bear the thought of leaving his family.,to carry/endure,"to carry, hold, or endure something difficult or burdensome"
1280,bear,She bore responsibility for the team's results.,to carry/endure,"to carry, hold, or endure something difficult or burdensome"
1281,bear,He bore a heavy load on his back across the mountain pass.,to carry/endure,"to carry, hold, or endure something difficult or burdensome"
1282,bear,She bore the criticism gracefully in public.,to carry/endure,"to carry, hold, or endure something difficult or burdensome"
1283,bear,He bore witness to the remarkable events of that day.,to carry/endure,"to carry, hold, or endure something difficult or burdensome"
1284,bear,She could barely bear the noise of the construction site.,to carry/endure,"to carry, hold, or endure something difficult or burdensome"
1285,bear,He bore the cost of the repairs himself.,to carry/endure,"to carry, hold, or endure something difficult or burdensome"
1286,bear,She bore the cold well during the camping trip.,to carry/endure,"to carry, hold, or endure something difficult or burdensome"
1287,bear,He bore a grudge for years before finally forgiving.,to carry/endure,"to carry, hold, or endure something difficult or burdensome"
1288,bear,She bore the heat of the oven as she checked the bread.,to carry/endure,"to carry, hold, or endure something difficult or burdensome"
1289,bear,He bore the sadness by staying busy with work.,to carry/endure,"to carry, hold, or endure something difficult or burdensome"
1290,bear,She bore the brunt of the criticism despite it not being her fault.,to carry/endure,"to carry, hold, or endure something difficult or burdensome"
1291,bear,The apple tree bore fruit for the first time this year.,to produce,"to give birth to, yield, or produce something"
1292,bear,She bore twins in the early hours of the morning.,to produce,"to give birth to, yield, or produce something"
1293,bear,The investment bore interest at a rate of four percent.,to produce,"to give birth to, yield, or produce something"
1294,bear,The rose bush bore dozens of blooms in June.,to produce,"to give birth to, yield, or produce something"
1295,bear,She bore three children over six years.,to produce,"to give birth to, yield, or produce something"
1296,bear,The plan bore results faster than anyone had expected.,to produce,"to give birth to, yield, or produce something"
1297,bear,He worked hard so that his efforts would bear fruit.,to produce,"to give birth to, yield, or produce something"
1298,bear,The vine bore its finest grapes after the warm summer.,to produce,"to give birth to, yield, or produce something"
1299,bear,She bore her first child at the age of twenty-nine.,to produce,"to give birth to, yield, or produce something"
1300,bear,The idea bore a remarkable resemblance to his earlier suggestion.,to produce,"to give birth to, yield, or produce something"
1301,bear,The tree bore strange fruit that no one could identify.,to produce,"to give birth to, yield, or produce something"
1302,bear,Her patience bore fruit when the deal was finally signed.,to produce,"to give birth to, yield, or produce something"
1303,bear,The project bore all the hallmarks of careful planning.,to produce,"to give birth to, yield, or produce something"
1304,bear,He bore the family name with pride.,to produce,"to give birth to, yield, or produce something"
1305,bear,The letter bore a date from two years previous.,to produce,"to give birth to, yield, or produce something"
1306,date,She stuffed dates with cream cheese for the party platter.,fruit,"the sweet brown fruit of the date palm, eaten fresh or dried"
1307,date,He ate a handful of dates as a quick snack.,fruit,"the sweet brown fruit of the date palm, eaten fresh or dried"
1308,date,"The date was soft, sweet, and sticky in her fingers.",fruit,"the sweet brown fruit of the date palm, eaten fresh or dried"
1309,date,She bought a box of Medjool dates at the market.,fruit,"the sweet brown fruit of the date palm, eaten fresh or dried"
1310,date,He learned that dates are one of the oldest cultivated fruits.,fruit,"the sweet brown fruit of the date palm, eaten fresh or dried"
1311,date,She added chopped dates to the energy bars.,fruit,"the sweet brown fruit of the date palm, eaten fresh or dried"
1312,date,He used a paste of dates to sweeten the dessert naturally.,fruit,"the sweet brown fruit of the date palm, eaten fresh or dried"
1313,date,She made a pudding using fresh dates from the farm.,fruit,"the sweet brown fruit of the date palm, eaten fresh or dried"
1314,date,He ordered a plate of dates and tea at the cafe.,fruit,"the sweet brown fruit of the date palm, eaten fresh or dried"
1315,date,She made a date and walnut loaf for the bake sale.,fruit,"the sweet brown fruit of the date palm, eaten fresh or dried"
1316,date,He planted a date palm in the garden to try growing them.,fruit,"the sweet brown fruit of the date palm, eaten fresh or dried"
1317,date,The dates in the supermarket were already pitted.,fruit,"the sweet brown fruit of the date palm, eaten fresh or dried"
1318,date,She blended dates into a smooth paste for the recipe.,fruit,"the sweet brown fruit of the date palm, eaten fresh or dried"
1319,date,He served dates drizzled with honey at the dinner party.,fruit,"the sweet brown fruit of the date palm, eaten fresh or dried"
1320,date,She found that Medjool dates were the sweetest variety.,fruit,"the sweet brown fruit of the date palm, eaten fresh or dried"
1321,date,She was nervous before her first date with him.,romantic meeting,a prearranged social meeting between two people with romantic interest
1322,date,He planned a surprise date at her favourite restaurant.,romantic meeting,a prearranged social meeting between two people with romantic interest
1323,date,She agreed to a second date after the first went so well.,romantic meeting,a prearranged social meeting between two people with romantic interest
1324,date,He arrived ten minutes early for their date.,romantic meeting,a prearranged social meeting between two people with romantic interest
1325,date,She got dressed up carefully for the date.,romantic meeting,a prearranged social meeting between two people with romantic interest
1326,date,He cancelled the date because of an emergency at work.,romantic meeting,a prearranged social meeting between two people with romantic interest
1327,date,She had three dates lined up from the app that week.,romantic meeting,a prearranged social meeting between two people with romantic interest
1328,date,He suggested a walk in the park as a casual first date.,romantic meeting,a prearranged social meeting between two people with romantic interest
1329,date,She laughed the whole evening on the best date she had ever been on.,romantic meeting,a prearranged social meeting between two people with romantic interest
1330,date,He was honest that he had not been on a date in two years.,romantic meeting,a prearranged social meeting between two people with romantic interest
1331,date,She recounted the disastrous date to her friends.,romantic meeting,a prearranged social meeting between two people with romantic interest
1332,date,He asked her out on a date after weeks of deliberating.,romantic meeting,a prearranged social meeting between two people with romantic interest
1333,date,She declined the date politely but firmly.,romantic meeting,a prearranged social meeting between two people with romantic interest
1334,date,He suggested a movie as an easy option for a first date.,romantic meeting,a prearranged social meeting between two people with romantic interest
1335,date,She chose an activity date to keep things interesting.,romantic meeting,a prearranged social meeting between two people with romantic interest
1336,date,She wrote the date at the top of the letter.,point in time,"a specific point in time, usually identified by a day, month, and year"
1337,date,He forgot to check the expiry date on the milk.,point in time,"a specific point in time, usually identified by a day, month, and year"
1338,date,She marked the date of the exam in her diary.,point in time,"a specific point in time, usually identified by a day, month, and year"
1339,date,He could not remember the exact date of their first meeting.,point in time,"a specific point in time, usually identified by a day, month, and year"
1340,date,She circled the date on the calendar.,point in time,"a specific point in time, usually identified by a day, month, and year"
1341,date,He entered the date and time in the booking system.,point in time,"a specific point in time, usually identified by a day, month, and year"
1342,date,She asked for the closing date of the application.,point in time,"a specific point in time, usually identified by a day, month, and year"
1343,date,He stamped the date on the back of the receipt.,point in time,"a specific point in time, usually identified by a day, month, and year"
1344,date,She set the date for the launch to be the first of October.,point in time,"a specific point in time, usually identified by a day, month, and year"
1345,date,He was born on a date that fell on a Sunday.,point in time,"a specific point in time, usually identified by a day, month, and year"
1346,date,She noted the date the item was last serviced.,point in time,"a specific point in time, usually identified by a day, month, and year"
1347,date,He confirmed the date of the appointment in a follow-up email.,point in time,"a specific point in time, usually identified by a day, month, and year"
1348,date,She inscribed the date inside the front cover of the book.,point in time,"a specific point in time, usually identified by a day, month, and year"
1349,date,He could not agree on a date that suited everyone.,point in time,"a specific point in time, usually identified by a day, month, and year"
1350,date,She recorded the date the contract was signed.,point in time,"a specific point in time, usually identified by a day, month, and year"
1351,fire,He lit a fire in the hearth to warm the room.,combustion,"the process of burning, producing heat, light, and flames"
1352,fire,She watched the fire crackle and spit in the grate.,combustion,"the process of burning, producing heat, light, and flames"
1353,fire,The fire spread through the dry forest rapidly.,combustion,"the process of burning, producing heat, light, and flames"
1354,fire,He called the fire brigade when the blaze grew.,combustion,"the process of burning, producing heat, light, and flames"
1355,fire,She sat by the fire and read until she fell asleep.,combustion,"the process of burning, producing heat, light, and flames"
1356,fire,The fire kept the campers warm throughout the cold night.,combustion,"the process of burning, producing heat, light, and flames"
1357,fire,He roasted marshmallows over the open fire.,combustion,"the process of burning, producing heat, light, and flames"
1358,fire,She added a log to the fire to keep it going.,combustion,"the process of burning, producing heat, light, and flames"
1359,fire,The fire was put out before it could reach the shed.,combustion,"the process of burning, producing heat, light, and flames"
1360,fire,He smelled smoke and realised there was a fire nearby.,combustion,"the process of burning, producing heat, light, and flames"
1361,fire,She photographed the bonfire against the dark sky.,combustion,"the process of burning, producing heat, light, and flames"
1362,fire,He maintained the fire throughout the night.,combustion,"the process of burning, producing heat, light, and flames"
1363,fire,The fire burned for three days before the rain came.,combustion,"the process of burning, producing heat, light, and flames"
1364,fire,She built a small fire on the beach at sunset.,combustion,"the process of burning, producing heat, light, and flames"
1365,fire,He swept the chimney to prevent a fire from starting.,combustion,"the process of burning, producing heat, light, and flames"
1366,fire,The manager fired him for repeated lateness.,to dismiss,to terminate someone's employment
1367,fire,She was fired after failing to meet her targets.,to dismiss,to terminate someone's employment
1368,fire,He fired two members of staff in the same week.,to dismiss,to terminate someone's employment
1369,fire,She appealed against the decision to fire her.,to dismiss,to terminate someone's employment
1370,fire,He was fired without notice or any explanation.,to dismiss,to terminate someone's employment
1371,fire,She fired the contractor after the work was substandard.,to dismiss,to terminate someone's employment
1372,fire,He found out he had been fired by email.,to dismiss,to terminate someone's employment
1373,fire,She fired the intern on his very first day.,to dismiss,to terminate someone's employment
1374,fire,He feared he would be fired after the mistake.,to dismiss,to terminate someone's employment
1375,fire,She hired and fired staff without apparent reason.,to dismiss,to terminate someone's employment
1376,fire,He was devastated when he was fired after ten years.,to dismiss,to terminate someone's employment
1377,fire,She fired the supplier for missing three deadlines in a row.,to dismiss,to terminate someone's employment
1378,fire,He was the last to be fired during the round of redundancies.,to dismiss,to terminate someone's employment
1379,fire,She fired him but gave him a generous severance package.,to dismiss,to terminate someone's employment
1380,fire,He had been threatened with being fired before but never was.,to dismiss,to terminate someone's employment
1381,fire,The soldier fired his rifle at the distant target.,to shoot,"to discharge a gun, weapon, or projectile at a target"
1382,fire,She fired the starting pistol and the race began.,to shoot,"to discharge a gun, weapon, or projectile at a target"
1383,fire,He fired three shots before reloading.,to shoot,"to discharge a gun, weapon, or projectile at a target"
1384,fire,She fired the cannon at the signal from the commander.,to shoot,"to discharge a gun, weapon, or projectile at a target"
1385,fire,He was trained to fire accurately under pressure.,to shoot,"to discharge a gun, weapon, or projectile at a target"
1386,fire,She fired a warning shot into the air.,to shoot,"to discharge a gun, weapon, or projectile at a target"
1387,fire,He fired the rocket and watched it arc into the sky.,to shoot,"to discharge a gun, weapon, or projectile at a target"
1388,fire,She fired the crossbow bolt and hit the bullseye.,to shoot,"to discharge a gun, weapon, or projectile at a target"
1389,fire,He fired the rubber bullets to disperse the crowd.,to shoot,"to discharge a gun, weapon, or projectile at a target"
1390,fire,She fired the flare gun to signal her location.,to shoot,"to discharge a gun, weapon, or projectile at a target"
1391,fire,He fired the shotgun at the clay pigeon and missed.,to shoot,"to discharge a gun, weapon, or projectile at a target"
1392,fire,She fired from behind cover and retreated quickly.,to shoot,"to discharge a gun, weapon, or projectile at a target"
1393,fire,He fired accurately at a range of one hundred metres.,to shoot,"to discharge a gun, weapon, or projectile at a target"
1394,fire,She fired the last cartridge and lowered the weapon.,to shoot,"to discharge a gun, weapon, or projectile at a target"
1395,fire,He was not allowed to fire until ordered.,to shoot,"to discharge a gun, weapon, or projectile at a target"
1396,fire,She spoke with real fire about the injustice she had witnessed.,passion,"intense enthusiasm, passion, or emotion"
1397,fire,He had a fire in his eyes that inspired the whole team.,passion,"intense enthusiasm, passion, or emotion"
1398,fire,She played the piece with fire and great feeling.,passion,"intense enthusiasm, passion, or emotion"
1399,fire,The fire in his argument convinced many in the audience.,passion,"intense enthusiasm, passion, or emotion"
1400,fire,She tackled every challenge with a fierce fire.,passion,"intense enthusiasm, passion, or emotion"
1401,fire,He had lost none of his fire despite his age.,passion,"intense enthusiasm, passion, or emotion"
1402,fire,The speech was delivered with fire and purpose.,passion,"intense enthusiasm, passion, or emotion"
1403,fire,She danced with a fire that electrified the audience.,passion,"intense enthusiasm, passion, or emotion"
1404,fire,He wrote with a fire that leapt off every page.,passion,"intense enthusiasm, passion, or emotion"
1405,fire,Her fire for the subject never dimmed over the years.,passion,"intense enthusiasm, passion, or emotion"
1406,fire,He fought his corner with fire and conviction.,passion,"intense enthusiasm, passion, or emotion"
1407,fire,She lived every day with a fire for adventure.,passion,"intense enthusiasm, passion, or emotion"
1408,fire,The fire of his creativity burned throughout his life.,passion,"intense enthusiasm, passion, or emotion"
1409,fire,She had a fire about her that made people stop and listen.,passion,"intense enthusiasm, passion, or emotion"
1410,fire,He recovered his fire after the difficult period passed.,passion,"intense enthusiasm, passion, or emotion"
1411,run,She ran five kilometres every morning before work.,to move fast on foot,"to move at a speed faster than a walk, using legs"
1412,run,He ran as fast as he could to catch the bus.,to move fast on foot,"to move at a speed faster than a walk, using legs"
1413,run,She ran the marathon in under four hours.,to move fast on foot,"to move at a speed faster than a walk, using legs"
1414,run,He ran to the end of the road and back as a warm-up.,to move fast on foot,"to move at a speed faster than a walk, using legs"
1415,run,She ran past him without stopping to say hello.,to move fast on foot,"to move at a speed faster than a walk, using legs"
1416,run,He ran barefoot along the beach as the sun rose.,to move fast on foot,"to move at a speed faster than a walk, using legs"
1417,run,She ran across the park to reach the other side quickly.,to move fast on foot,"to move at a speed faster than a walk, using legs"
1418,run,He ran away from the dog that was chasing him.,to move fast on foot,"to move at a speed faster than a walk, using legs"
1419,run,She ran toward the sound of the alarm.,to move fast on foot,"to move at a speed faster than a walk, using legs"
1420,run,He ran the relay leg and handed off the baton.,to move fast on foot,"to move at a speed faster than a walk, using legs"
1421,run,She ran through the rain and arrived soaked.,to move fast on foot,"to move at a speed faster than a walk, using legs"
1422,run,He ran laps around the track for an hour.,to move fast on foot,"to move at a speed faster than a walk, using legs"
1423,run,She ran to get help when she saw the accident.,to move fast on foot,"to move at a speed faster than a walk, using legs"
1424,run,He had run that particular route a hundred times.,to move fast on foot,"to move at a speed faster than a walk, using legs"
1425,run,She loved to run through the forest on quiet mornings.,to move fast on foot,"to move at a speed faster than a walk, using legs"
1426,run,He scored a brilliant run to bring up his century.,sports score,a unit of scoring in cricket or baseball
1427,run,She hit the ball into the outfield and took two runs.,sports score,a unit of scoring in cricket or baseball
1428,run,The team needed six more runs to win the match.,sports score,a unit of scoring in cricket or baseball
1429,run,He sprinted to complete the run before the fielder threw.,sports score,a unit of scoring in cricket or baseball
1430,run,She kept track of every run scored in her scoring book.,sports score,a unit of scoring in cricket or baseball
1431,run,He was run out just short of the crease.,sports score,a unit of scoring in cricket or baseball
1432,run,The opening pair put on a hundred and forty runs together.,sports score,a unit of scoring in cricket or baseball
1433,run,She watched the run rate climb as the innings progressed.,sports score,a unit of scoring in cricket or baseball
1434,run,He hit a boundary that saved the run required.,sports score,a unit of scoring in cricket or baseball
1435,run,The team needed a run off the last ball to tie.,sports score,a unit of scoring in cricket or baseball
1436,run,She noted the run as a wide in the scorebook.,sports score,a unit of scoring in cricket or baseball
1437,run,He made a risky run and was almost out at the non-striker's end.,sports score,a unit of scoring in cricket or baseball
1438,run,She celebrated each run as her side chased the target.,sports score,a unit of scoring in cricket or baseball
1439,run,He finished the innings on ninety-nine runs.,sports score,a unit of scoring in cricket or baseball
1440,run,The team's total of three hundred runs was a new record.,sports score,a unit of scoring in cricket or baseball
1441,run,She ran the company with energy and clear vision.,to operate,"to manage, operate, or be in charge of something"
1442,run,He ran the meeting efficiently and finished early.,to operate,"to manage, operate, or be in charge of something"
1443,run,She ran the charity for fifteen years.,to operate,"to manage, operate, or be in charge of something"
1444,run,He ran his own restaurant in the city centre.,to operate,"to manage, operate, or be in charge of something"
1445,run,She ran the project from conception to completion.,to operate,"to manage, operate, or be in charge of something"
1446,run,He ran the campaign across multiple platforms.,to operate,"to manage, operate, or be in charge of something"
1447,run,She ran the event planning division of the agency.,to operate,"to manage, operate, or be in charge of something"
1448,run,He ran the farm almost single-handedly.,to operate,"to manage, operate, or be in charge of something"
1449,run,She ran the workshop every Saturday morning.,to operate,"to manage, operate, or be in charge of something"
1450,run,He ran the department during the manager's absence.,to operate,"to manage, operate, or be in charge of something"
1451,run,She ran the school council with great enthusiasm.,to operate,"to manage, operate, or be in charge of something"
1452,run,He ran several successful businesses simultaneously.,to operate,"to manage, operate, or be in charge of something"
1453,run,She ran the fundraising drive and exceeded the target.,to operate,"to manage, operate, or be in charge of something"
1454,run,He ran the database and kept the records up to date.,to operate,"to manage, operate, or be in charge of something"
1455,run,She ran the training programme for all new recruits.,to operate,"to manage, operate, or be in charge of something"
1456,fall,The apple fell from the tree and landed on the grass.,to drop down,to move downward quickly under the force of gravity
1457,fall,She fell on the icy pavement and twisted her ankle.,to drop down,to move downward quickly under the force of gravity
1458,fall,He fell off his bicycle when the wheel hit a pothole.,to drop down,to move downward quickly under the force of gravity
1459,fall,She watched the rain fall steadily outside the window.,to drop down,to move downward quickly under the force of gravity
1460,fall,He fell asleep in the chair before the programme ended.,to drop down,to move downward quickly under the force of gravity
1461,fall,She fell into step beside him as they left the building.,to drop down,to move downward quickly under the force of gravity
1462,fall,He fell backward into the chair with exhaustion.,to drop down,to move downward quickly under the force of gravity
1463,fall,She fell silent when she heard the news.,to drop down,to move downward quickly under the force of gravity
1464,fall,He fell to his knees and could not stand for a moment.,to drop down,to move downward quickly under the force of gravity
1465,fall,She saw the tree fall across the road during the storm.,to drop down,to move downward quickly under the force of gravity
1466,fall,He fell over the box left in the corridor.,to drop down,to move downward quickly under the force of gravity
1467,fall,She felt her heart fall when she read the letter.,to drop down,to move downward quickly under the force of gravity
1468,fall,He fell behind the group on the steep section of the trail.,to drop down,to move downward quickly under the force of gravity
1469,fall,She fell into the swimming pool fully clothed.,to drop down,to move downward quickly under the force of gravity
1470,fall,He fell from the ladder and was taken to hospital.,to drop down,to move downward quickly under the force of gravity
1471,fall,The leaves turned golden and red in the fall.,autumn season,"the season after summer and before winter, also called autumn"
1472,fall,She raked the garden clear of leaves every fall.,autumn season,"the season after summer and before winter, also called autumn"
1473,fall,He enjoyed long walks in the woods during the fall.,autumn season,"the season after summer and before winter, also called autumn"
1474,fall,The weather turned crisp and cool as fall arrived.,autumn season,"the season after summer and before winter, also called autumn"
1475,fall,She planted bulbs in the fall for spring colour.,autumn season,"the season after summer and before winter, also called autumn"
1476,fall,He photographed the spectacular fall foliage in Vermont.,autumn season,"the season after summer and before winter, also called autumn"
1477,fall,She bought a new coat every fall before the cold set in.,autumn season,"the season after summer and before winter, also called autumn"
1478,fall,The harvest festival was held every fall in the village.,autumn season,"the season after summer and before winter, also called autumn"
1479,fall,He preferred fall to any other time of year.,autumn season,"the season after summer and before winter, also called autumn"
1480,fall,She started university in the fall semester.,autumn season,"the season after summer and before winter, also called autumn"
1481,fall,The birds migrated south as fall progressed.,autumn season,"the season after summer and before winter, also called autumn"
1482,fall,He made apple cider using fruit collected in the fall.,autumn season,"the season after summer and before winter, also called autumn"
1483,fall,She wore her favourite orange scarf in the fall.,autumn season,"the season after summer and before winter, also called autumn"
1484,fall,The garden looked spectacular each fall before winter.,autumn season,"the season after summer and before winter, also called autumn"
1485,fall,He mowed the lawn one final time in the late fall.,autumn season,"the season after summer and before winter, also called autumn"
1486,fall,The fall at the end of the gorge was spectacular.,waterfall,"a cascade of water falling from a height, such as over a cliff"
1487,fall,She heard the roar of the fall long before she saw it.,waterfall,"a cascade of water falling from a height, such as over a cliff"
1488,fall,He swam in the pool at the base of the fall.,waterfall,"a cascade of water falling from a height, such as over a cliff"
1489,fall,The fall was fed by snowmelt from the mountains above.,waterfall,"a cascade of water falling from a height, such as over a cliff"
1490,fall,She photographed the fall with a long exposure for a silky effect.,waterfall,"a cascade of water falling from a height, such as over a cliff"
1491,fall,He navigated the kayak carefully past the fall.,waterfall,"a cascade of water falling from a height, such as over a cliff"
1492,fall,The fall dropped thirty metres into the ravine below.,waterfall,"a cascade of water falling from a height, such as over a cliff"
1493,fall,She stood on the viewing platform above the fall.,waterfall,"a cascade of water falling from a height, such as over a cliff"
1494,fall,He described the fall as the most beautiful he had ever seen.,waterfall,"a cascade of water falling from a height, such as over a cliff"
1495,fall,The fall froze solid during the coldest winters.,waterfall,"a cascade of water falling from a height, such as over a cliff"
1496,fall,She packed a picnic and hiked to the fall.,waterfall,"a cascade of water falling from a height, such as over a cliff"
1497,fall,He measured the height of the fall for the walking guide.,waterfall,"a cascade of water falling from a height, such as over a cliff"
1498,fall,The fall was visible from the road on a clear day.,waterfall,"a cascade of water falling from a height, such as over a cliff"
1499,fall,She listened to the constant thunder of the fall.,waterfall,"a cascade of water falling from a height, such as over a cliff"
1500,fall,He warned that the rocks near the fall were slippery.,waterfall,"a cascade of water falling from a height, such as over a cliff"
1501,star,She pointed out the brightest star in the constellation.,celestial body,a massive luminous ball of gas held together by gravity in space
1502,star,He marvelled at the number of stars visible from the dark valley.,celestial body,a massive luminous ball of gas held together by gravity in space
1503,star,She read that every star in the sky is a sun like our own.,celestial body,a massive luminous ball of gas held together by gravity in space
1504,star,He tracked the position of the star over the year.,celestial body,a massive luminous ball of gas held together by gravity in space
1505,star,The distant star emitted light that had taken a billion years to arrive.,celestial body,a massive luminous ball of gas held together by gravity in space
1506,star,She measured the colour of the star to determine its temperature.,celestial body,a massive luminous ball of gas held together by gravity in space
1507,star,He named his daughter after a star in the southern sky.,celestial body,a massive luminous ball of gas held together by gravity in space
1508,star,The star disappeared from view as dawn approached.,celestial body,a massive luminous ball of gas held together by gravity in space
1509,star,She sketched the shape of the star cluster in her notebook.,celestial body,a massive luminous ball of gas held together by gravity in space
1510,star,He hoped to become an astronomer because of his love for stars.,celestial body,a massive luminous ball of gas held together by gravity in space
1511,star,The ancient sailors navigated using the positions of the stars.,celestial body,a massive luminous ball of gas held together by gravity in space
1512,star,She observed the star through the university telescope.,celestial body,a massive luminous ball of gas held together by gravity in space
1513,star,He used the app to identify every visible star above him.,celestial body,a massive luminous ball of gas held together by gravity in space
1514,star,The star was too faint to see without a telescope.,celestial body,a massive luminous ball of gas held together by gravity in space
1515,star,She noted that the star had a slight reddish tint.,celestial body,a massive luminous ball of gas held together by gravity in space
1516,star,She had always wanted to meet her favourite film star.,famous person,"a highly successful or famous person, especially in entertainment or sport"
1517,star,He signed autographs for fans as a rising star of the sport.,famous person,"a highly successful or famous person, especially in entertainment or sport"
1518,star,The pop star sold out the arena in minutes.,famous person,"a highly successful or famous person, especially in entertainment or sport"
1519,star,She trained alongside a former athletics star.,famous person,"a highly successful or famous person, especially in entertainment or sport"
1520,star,He became a star before he turned twenty.,famous person,"a highly successful or famous person, especially in entertainment or sport"
1521,star,She recalled first seeing the star perform in a small venue.,famous person,"a highly successful or famous person, especially in entertainment or sport"
1522,star,He was a star of stage and screen for three decades.,famous person,"a highly successful or famous person, especially in entertainment or sport"
1523,star,She played the role that made her a household star.,famous person,"a highly successful or famous person, especially in entertainment or sport"
1524,star,He was mobbed by fans as a television star.,famous person,"a highly successful or famous person, especially in entertainment or sport"
1525,star,She charted the rise to stardom of a former local star.,famous person,"a highly successful or famous person, especially in entertainment or sport"
1526,star,He acted as a mentor to the next generation of stars.,famous person,"a highly successful or famous person, especially in entertainment or sport"
1527,star,She felt nervous meeting such a famous star.,famous person,"a highly successful or famous person, especially in entertainment or sport"
1528,star,He remained a dedicated star well into his sixties.,famous person,"a highly successful or famous person, especially in entertainment or sport"
1529,star,She was introduced to a music star backstage.,famous person,"a highly successful or famous person, especially in entertainment or sport"
1530,star,He lived far from the world of stars and their glamour.,famous person,"a highly successful or famous person, especially in entertainment or sport"
1531,star,She cut out a star shape for the top of the Christmas tree.,star shape,a geometric shape with five or more points radiating from a central point
1532,star,He coloured the star shape in gold for the display board.,star shape,a geometric shape with five or more points radiating from a central point
1533,star,She baked star-shaped biscuits for the celebration.,star shape,a geometric shape with five or more points radiating from a central point
1534,star,He drew a five-pointed star on the chalkboard.,star shape,a geometric shape with five or more points radiating from a central point
1535,star,She awarded each child a gold star for their effort.,star shape,a geometric shape with five or more points radiating from a central point
1536,star,He noticed the star shape pressed into the wax seal.,star shape,a geometric shape with five or more points radiating from a central point
1537,star,She folded the foil into a perfect star for the gift.,star shape,a geometric shape with five or more points radiating from a central point
1538,star,He painted a large red star on the old barn door.,star shape,a geometric shape with five or more points radiating from a central point
1539,star,She arranged the fairy lights in a star pattern.,star shape,a geometric shape with five or more points radiating from a central point
1540,star,He glued stars onto the card to decorate it.,star shape,a geometric shape with five or more points radiating from a central point
1541,star,She sewed a white star onto the back of the jacket.,star shape,a geometric shape with five or more points radiating from a central point
1542,star,He carved a star into the pumpkin at Halloween.,star shape,a geometric shape with five or more points radiating from a central point
1543,star,She embroidered a star on the corner of the pillowcase.,star shape,a geometric shape with five or more points radiating from a central point
1544,star,He wore a badge shaped like a sheriff's star.,star shape,a geometric shape with five or more points radiating from a central point
1545,star,She made a star from rolled newspaper for the craft project.,star shape,a geometric shape with five or more points radiating from a central point
1546,star,She starred in the acclaimed drama series.,to feature,to have the starring or lead role in a production or performance
1547,star,He starred as the lead in three consecutive films.,to feature,to have the starring or lead role in a production or performance
1548,star,She starred alongside her long-time co-star and friend.,to feature,to have the starring or lead role in a production or performance
1549,star,He starred in the television adaptation of the novel.,to feature,to have the starring or lead role in a production or performance
1550,star,She was excited to star in a production directed by her idol.,to feature,to have the starring or lead role in a production or performance
1551,star,He starred as the villain in the award-winning thriller.,to feature,to have the starring or lead role in a production or performance
1552,star,She starred in commercials before landing her first major role.,to feature,to have the starring or lead role in a production or performance
1553,star,He was chosen to star in the sequel to the hit film.,to feature,to have the starring or lead role in a production or performance
1554,star,She starred in a one-woman show that sold out every night.,to feature,to have the starring or lead role in a production or performance
1555,star,He starred in the play that defined his generation.,to feature,to have the starring or lead role in a production or performance
1556,star,She starred in the music video for the chart-topping song.,to feature,to have the starring or lead role in a production or performance
1557,star,He starred alongside legends of the theatre.,to feature,to have the starring or lead role in a production or performance
1558,star,She starred in seven films before she was thirty.,to feature,to have the starring or lead role in a production or performance
1559,star,He starred in the role every other actor had turned down.,to feature,to have the starring or lead role in a production or performance
1560,star,She starred in a documentary that was praised worldwide.,to feature,to have the starring or lead role in a production or performance
1561,table,She set the table for dinner with the best china.,furniture,a piece of furniture with a flat horizontal surface supported by legs
1562,table,He left his keys on the kitchen table when he came in.,furniture,a piece of furniture with a flat horizontal surface supported by legs
1563,table,She found the papers under a pile on the table.,furniture,a piece of furniture with a flat horizontal surface supported by legs
1564,table,He sat at the table and opened his laptop.,furniture,a piece of furniture with a flat horizontal surface supported by legs
1565,table,She wiped the table clean after the meal.,furniture,a piece of furniture with a flat horizontal surface supported by legs
1566,table,He pushed the table against the wall to make more room.,furniture,a piece of furniture with a flat horizontal surface supported by legs
1567,table,She moved the table to the centre of the room.,furniture,a piece of furniture with a flat horizontal surface supported by legs
1568,table,He built the table from reclaimed timber.,furniture,a piece of furniture with a flat horizontal surface supported by legs
1569,table,She sat at the end of the table and called the meeting to order.,furniture,a piece of furniture with a flat horizontal surface supported by legs
1570,table,He cleared the table before bringing out the dessert.,furniture,a piece of furniture with a flat horizontal surface supported by legs
1571,table,She placed the vase of flowers on the table.,furniture,a piece of furniture with a flat horizontal surface supported by legs
1572,table,He noticed the scratch on the table and felt guilty.,furniture,a piece of furniture with a flat horizontal surface supported by legs
1573,table,She kept her books in a neat stack on the bedside table.,furniture,a piece of furniture with a flat horizontal surface supported by legs
1574,table,He dragged the garden table onto the lawn.,furniture,a piece of furniture with a flat horizontal surface supported by legs
1575,table,She folded the table away and stored it in the cupboard.,furniture,a piece of furniture with a flat horizontal surface supported by legs
1576,table,He proposed to table the motion until the next meeting.,to postpone,to delay or postpone discussion or a decision on a matter
1577,table,She agreed to table the discussion until more data was available.,to postpone,to delay or postpone discussion or a decision on a matter
1578,table,He moved to table the resolution pending further review.,to postpone,to delay or postpone discussion or a decision on a matter
1579,table,She tabled the contentious item to avoid an argument.,to postpone,to delay or postpone discussion or a decision on a matter
1580,table,He was glad when the chair agreed to table the decision.,to postpone,to delay or postpone discussion or a decision on a matter
1581,table,She decided to table the proposal until the budget was confirmed.,to postpone,to delay or postpone discussion or a decision on a matter
1582,table,He tabled the amendment after failing to gain support.,to postpone,to delay or postpone discussion or a decision on a matter
1583,table,She advised the committee to table the issue temporarily.,to postpone,to delay or postpone discussion or a decision on a matter
1584,table,He tabled the vote and scheduled a special session.,to postpone,to delay or postpone discussion or a decision on a matter
1585,table,She agreed to table her objections for a later date.,to postpone,to delay or postpone discussion or a decision on a matter
1586,table,He tabled the matter due to the absence of key members.,to postpone,to delay or postpone discussion or a decision on a matter
1587,table,She proposed tabling the item until legal advice was sought.,to postpone,to delay or postpone discussion or a decision on a matter
1588,table,He tabled the plan because the timing was not right.,to postpone,to delay or postpone discussion or a decision on a matter
1589,table,She tabled further discussion until after the consultation.,to postpone,to delay or postpone discussion or a decision on a matter
1590,table,He agreed to table the bill for a second reading.,to postpone,to delay or postpone discussion or a decision on a matter
1591,table,She inserted a table into the report to summarise the findings.,data grid,an arrangement of data displayed in rows and columns
1592,table,He formatted the table so the figures aligned correctly.,data grid,an arrangement of data displayed in rows and columns
1593,table,She added a new column to the table in the spreadsheet.,data grid,an arrangement of data displayed in rows and columns
1594,table,He sorted the table by the date column.,data grid,an arrangement of data displayed in rows and columns
1595,table,She printed the table for reference during the presentation.,data grid,an arrangement of data displayed in rows and columns
1596,table,He edited the table to remove the duplicate entries.,data grid,an arrangement of data displayed in rows and columns
1597,table,She highlighted the top row of the table in bold.,data grid,an arrangement of data displayed in rows and columns
1598,table,He exported the table to a CSV file for the analysis.,data grid,an arrangement of data displayed in rows and columns
1599,table,She embedded the table in the email and checked it displayed correctly.,data grid,an arrangement of data displayed in rows and columns
1600,table,He created a pivot table to summarise the sales data.,data grid,an arrangement of data displayed in rows and columns
1601,table,She cross-referenced two tables to find the discrepancy.,data grid,an arrangement of data displayed in rows and columns
1602,table,He added a footer to the table with the data source.,data grid,an arrangement of data displayed in rows and columns
1603,table,She formatted the table with alternating row colours for readability.,data grid,an arrangement of data displayed in rows and columns
1604,table,He calculated the column totals at the bottom of the table.,data grid,an arrangement of data displayed in rows and columns
1605,table,She deleted the table and redesigned it from scratch.,data grid,an arrangement of data displayed in rows and columns
1606,train,She caught the early train to make the nine o'clock meeting.,railway vehicle,a series of connected railway carriages or wagons pulled by a locomotive
1607,train,He watched the train disappear around the bend.,railway vehicle,a series of connected railway carriages or wagons pulled by a locomotive
1608,train,She boarded the train at the last possible moment.,railway vehicle,a series of connected railway carriages or wagons pulled by a locomotive
1609,train,He fell asleep on the train and nearly missed his stop.,railway vehicle,a series of connected railway carriages or wagons pulled by a locomotive
1610,train,She bought a first-class seat on the overnight train.,railway vehicle,a series of connected railway carriages or wagons pulled by a locomotive
1611,train,He carried his bicycle onto the train with difficulty.,railway vehicle,a series of connected railway carriages or wagons pulled by a locomotive
1612,train,She was delayed because the train was cancelled.,railway vehicle,a series of connected railway carriages or wagons pulled by a locomotive
1613,train,He loved the rhythmic sound of the train on the tracks.,railway vehicle,a series of connected railway carriages or wagons pulled by a locomotive
1614,train,She had never taken a cross-country train before.,railway vehicle,a series of connected railway carriages or wagons pulled by a locomotive
1615,train,He sat in the buffet car for the two-hour train journey.,railway vehicle,a series of connected railway carriages or wagons pulled by a locomotive
1616,train,She looked out of the window as the train passed through tunnels.,railway vehicle,a series of connected railway carriages or wagons pulled by a locomotive
1617,train,He checked the timetable for the next available train.,railway vehicle,a series of connected railway carriages or wagons pulled by a locomotive
1618,train,She pointed out landmarks to her daughter as the train moved.,railway vehicle,a series of connected railway carriages or wagons pulled by a locomotive
1619,train,He stood in the corridor as all the seats were taken.,railway vehicle,a series of connected railway carriages or wagons pulled by a locomotive
1620,train,She enjoyed the slow old train more than the fast modern one.,railway vehicle,a series of connected railway carriages or wagons pulled by a locomotive
1621,train,She trained every morning for six months before the marathon.,to teach skills,to teach a person or animal particular skills through practice and instruction
1622,train,He was trained as an engineer before switching careers.,to teach skills,to teach a person or animal particular skills through practice and instruction
1623,train,She trained her dog to sit and stay on command.,to teach skills,to teach a person or animal particular skills through practice and instruction
1624,train,He trained new staff in the use of the software system.,to teach skills,to teach a person or animal particular skills through practice and instruction
1625,train,She trained the apprentices in the basics of the craft.,to teach skills,to teach a person or animal particular skills through practice and instruction
1626,train,He trained hard in the gym three times a week.,to teach skills,to teach a person or animal particular skills through practice and instruction
1627,train,She trained herself to wake without an alarm clock.,to teach skills,to teach a person or animal particular skills through practice and instruction
1628,train,He was trained in first aid and used those skills often.,to teach skills,to teach a person or animal particular skills through practice and instruction
1629,train,She trained the volunteers before the event.,to teach skills,to teach a person or animal particular skills through practice and instruction
1630,train,He trained his eyes to notice subtle differences in the samples.,to teach skills,to teach a person or animal particular skills through practice and instruction
1631,train,She was being trained for a leadership role in the organisation.,to teach skills,to teach a person or animal particular skills through practice and instruction
1632,train,He trained in karate from the age of eight.,to teach skills,to teach a person or animal particular skills through practice and instruction
1633,train,She trained the replacement to handle all her responsibilities.,to teach skills,to teach a person or animal particular skills through practice and instruction
1634,train,He trained the crew to respond to emergencies quickly.,to teach skills,to teach a person or animal particular skills through practice and instruction
1635,train,She trained under one of the best coaches in the sport.,to teach skills,to teach a person or animal particular skills through practice and instruction
1636,train,Her wedding dress had a five-metre train that swept the floor.,dress train,the long trailing part at the back of a formal dress or robe
1637,train,She asked two assistants to carry her train up the aisle.,dress train,the long trailing part at the back of a formal dress or robe
1638,train,The bride's train was embroidered with delicate lace.,dress train,the long trailing part at the back of a formal dress or robe
1639,train,He carefully arranged her train before the photographs.,dress train,the long trailing part at the back of a formal dress or robe
1640,train,She practised walking in her dress without stepping on the train.,dress train,the long trailing part at the back of a formal dress or robe
1641,train,The cathedral train required four people to carry it.,dress train,the long trailing part at the back of a formal dress or robe
1642,train,She chose a chapel-length train for ease of movement.,dress train,the long trailing part at the back of a formal dress or robe
1643,train,He held up her train as she climbed the steps.,dress train,the long trailing part at the back of a formal dress or robe
1644,train,She practised holding the train while walking.,dress train,the long trailing part at the back of a formal dress or robe
1645,train,She loved the dramatic effect of the long train in the photos.,dress train,the long trailing part at the back of a formal dress or robe
1646,train,He carefully folded the train before she sat down.,dress train,the long trailing part at the back of a formal dress or robe
1647,train,The seamstress bustled the train at the reception.,dress train,the long trailing part at the back of a formal dress or robe
1648,train,The queen's train was carried by six uniformed attendants.,dress train,the long trailing part at the back of a formal dress or robe
1649,train,She designed a detachable train so she could dance freely.,dress train,the long trailing part at the back of a formal dress or robe
1650,train,The robe's train trailed along the stone floor of the hall.,dress train,the long trailing part at the back of a formal dress or robe
1651,seal,A seal basked on the flat rock at the water's edge.,marine mammal,a sleek marine mammal with a round body and flippers
1652,seal,She watched the seal dive smoothly into the ocean.,marine mammal,a sleek marine mammal with a round body and flippers
1653,seal,He photographed the seal from the boat without disturbing it.,marine mammal,a sleek marine mammal with a round body and flippers
1654,seal,The seal balanced the ball on its nose during the show.,marine mammal,a sleek marine mammal with a round body and flippers
1655,seal,She read that the grey seal was common off the British coast.,marine mammal,a sleek marine mammal with a round body and flippers
1656,seal,He identified the seal from its size and markings.,marine mammal,a sleek marine mammal with a round body and flippers
1657,seal,The seal surfaced and looked at the kayak curiously.,marine mammal,a sleek marine mammal with a round body and flippers
1658,seal,She listened to the seal's loud bark from the headland.,marine mammal,a sleek marine mammal with a round body and flippers
1659,seal,He saw a mother seal nursing her pup on the beach.,marine mammal,a sleek marine mammal with a round body and flippers
1660,seal,The seal colony had grown steadily over twenty years.,marine mammal,a sleek marine mammal with a round body and flippers
1661,seal,She documented the seal's feeding patterns for her research.,marine mammal,a sleek marine mammal with a round body and flippers
1662,seal,He watched the seal haul itself out of the water onto the rocks.,marine mammal,a sleek marine mammal with a round body and flippers
1663,seal,The seal slipped silently under the surface.,marine mammal,a sleek marine mammal with a round body and flippers
1664,seal,She used a telephoto lens to photograph the distant seal.,marine mammal,a sleek marine mammal with a round body and flippers
1665,seal,He counted over thirty seals on the sandbar.,marine mammal,a sleek marine mammal with a round body and flippers
1666,seal,She sealed the envelope and wrote the address on the front.,to close securely,to close or fasten something firmly so nothing can pass in or out
1667,seal,He sealed the jar with a rubber ring before processing it.,to close securely,to close or fasten something firmly so nothing can pass in or out
1668,seal,She sealed the box with tape before sending it.,to close securely,to close or fasten something firmly so nothing can pass in or out
1669,seal,He sealed the gap around the window with caulk.,to close securely,to close or fasten something firmly so nothing can pass in or out
1670,seal,She sealed the deal with a firm handshake.,to close securely,to close or fasten something firmly so nothing can pass in or out
1671,seal,He sealed the container to preserve the freshness.,to close securely,to close or fasten something firmly so nothing can pass in or out
1672,seal,She sealed the edges of the pie with a fork.,to close securely,to close or fasten something firmly so nothing can pass in or out
1673,seal,He sealed off the corridor to prevent access.,to close securely,to close or fasten something firmly so nothing can pass in or out
1674,seal,She sealed the crack in the wall before painting.,to close securely,to close or fasten something firmly so nothing can pass in or out
1675,seal,He sealed the bag with a heat sealer in the factory.,to close securely,to close or fasten something firmly so nothing can pass in or out
1676,seal,She sealed the letter in a wax envelope.,to close securely,to close or fasten something firmly so nothing can pass in or out
1677,seal,He sealed the vault before leaving the building.,to close securely,to close or fasten something firmly so nothing can pass in or out
1678,seal,She sealed the roof tiles to prevent any further leaks.,to close securely,to close or fasten something firmly so nothing can pass in or out
1679,seal,He sealed the drain to stop the smell from escaping.,to close securely,to close or fasten something firmly so nothing can pass in or out
1680,seal,She sealed the sample in a sterile container for analysis.,to close securely,to close or fasten something firmly so nothing can pass in or out
1681,seal,She pressed the seal of the organisation onto the document.,official stamp,an official emblem or stamp used to mark or authenticate a document
1682,seal,He broke the wax seal to open the ancient letter.,official stamp,an official emblem or stamp used to mark or authenticate a document
1683,seal,She melted the wax and applied the seal to the envelope.,official stamp,an official emblem or stamp used to mark or authenticate a document
1684,seal,He confirmed that the seal on the certificate was genuine.,official stamp,an official emblem or stamp used to mark or authenticate a document
1685,seal,She recognised the official seal of the government.,official stamp,an official emblem or stamp used to mark or authenticate a document
1686,seal,He checked that the seal had not been tampered with.,official stamp,an official emblem or stamp used to mark or authenticate a document
1687,seal,She stamped the seal of the notary on the deed.,official stamp,an official emblem or stamp used to mark or authenticate a document
1688,seal,He added the seal of quality to the certificate of compliance.,official stamp,an official emblem or stamp used to mark or authenticate a document
1689,seal,She removed the protective seal before using the product.,official stamp,an official emblem or stamp used to mark or authenticate a document
1690,seal,He noted the condition of the seal when examining the bottle.,official stamp,an official emblem or stamp used to mark or authenticate a document
1691,seal,She designed the new seal for the organisation.,official stamp,an official emblem or stamp used to mark or authenticate a document
1692,seal,He pressed the embossed seal firmly into the wet wax.,official stamp,an official emblem or stamp used to mark or authenticate a document
1693,seal,She replaced the broken seal on the barrel.,official stamp,an official emblem or stamp used to mark or authenticate a document
1694,seal,He authenticated the letter with the royal seal.,official stamp,an official emblem or stamp used to mark or authenticate a document
1695,seal,She preserved the seal intact as part of the archival record.,official stamp,an official emblem or stamp used to mark or authenticate a document
1696,set,She bought a new set of cutlery for the kitchen.,group of things,a collection or group of objects that belong together
1697,set,He arranged a set of matching mugs on the shelf.,group of things,a collection or group of objects that belong together
1698,set,She collected a complete set of the author's novels.,group of things,a collection or group of objects that belong together
1699,set,He purchased a set of tools for the renovation.,group of things,a collection or group of objects that belong together
1700,set,She received a set of luggage as a wedding gift.,group of things,a collection or group of objects that belong together
1701,set,He showed her the full set of stamps for the decade.,group of things,a collection or group of objects that belong together
1702,set,She chose a tea set from the display in the shop window.,group of things,a collection or group of objects that belong together
1703,set,He completed the set by finding the final piece at auction.,group of things,a collection or group of objects that belong together
1704,set,She described the collection as the most complete set in existence.,group of things,a collection or group of objects that belong together
1705,set,He gave the children a set of colouring pencils.,group of things,a collection or group of objects that belong together
1706,set,She put the chess set back in the box after the game.,group of things,a collection or group of objects that belong together
1707,set,He valued the set at three thousand pounds.,group of things,a collection or group of objects that belong together
1708,set,She used the full set of instructions to assemble it.,group of things,a collection or group of objects that belong together
1709,set,He donated the set of encyclopedias to the library.,group of things,a collection or group of objects that belong together
1710,set,She kept the original set in a glass cabinet.,group of things,a collection or group of objects that belong together
1711,set,She set the vase of flowers on the table.,to put in place,"to put, place, or position something in a particular spot"
1712,set,He set the alarm for six o'clock.,to put in place,"to put, place, or position something in a particular spot"
1713,set,She set the table before the guests arrived.,to put in place,"to put, place, or position something in a particular spot"
1714,set,He set the clock to the correct time.,to put in place,"to put, place, or position something in a particular spot"
1715,set,She set her bag down and removed her coat.,to put in place,"to put, place, or position something in a particular spot"
1716,set,He set the trap in the corner of the shed.,to put in place,"to put, place, or position something in a particular spot"
1717,set,She set the timer for twenty minutes.,to put in place,"to put, place, or position something in a particular spot"
1718,set,He set the phone on the charger before bed.,to put in place,"to put, place, or position something in a particular spot"
1719,set,She set the scene with candles and soft music.,to put in place,"to put, place, or position something in a particular spot"
1720,set,He set the thermostat to eighteen degrees.,to put in place,"to put, place, or position something in a particular spot"
1721,set,She set the dough aside to rise for an hour.,to put in place,"to put, place, or position something in a particular spot"
1722,set,He set the record straight at the press conference.,to put in place,"to put, place, or position something in a particular spot"
1723,set,She set the target at one hundred sign-ups.,to put in place,"to put, place, or position something in a particular spot"
1724,set,He set the pace for the first kilometre of the race.,to put in place,"to put, place, or position something in a particular spot"
1725,set,She set the plate of biscuits on the coffee table.,to put in place,"to put, place, or position something in a particular spot"
1726,set,She waited for the concrete to set before walking on it.,hardening,"the process of becoming firm, solid, or fixed after being soft or liquid"
1727,set,He mixed the plaster and worked quickly before it set.,hardening,"the process of becoming firm, solid, or fixed after being soft or liquid"
1728,set,She removed the mould only after the resin had fully set.,hardening,"the process of becoming firm, solid, or fixed after being soft or liquid"
1729,set,He allowed the jelly to set in the fridge overnight.,hardening,"the process of becoming firm, solid, or fixed after being soft or liquid"
1730,set,She pressed the tiles into position before the adhesive set.,hardening,"the process of becoming firm, solid, or fixed after being soft or liquid"
1731,set,He watched the glue set as he held the joint together.,hardening,"the process of becoming firm, solid, or fixed after being soft or liquid"
1732,set,She checked that the cement had set before adding weight.,hardening,"the process of becoming firm, solid, or fixed after being soft or liquid"
1733,set,He was impressed by how quickly the material had set.,hardening,"the process of becoming firm, solid, or fixed after being soft or liquid"
1734,set,She left the chocolate to set on the baking paper.,hardening,"the process of becoming firm, solid, or fixed after being soft or liquid"
1735,set,He poured the wax and waited for it to set.,hardening,"the process of becoming firm, solid, or fixed after being soft or liquid"
1736,set,She left the grout to set for twenty-four hours.,hardening,"the process of becoming firm, solid, or fixed after being soft or liquid"
1737,set,He used rapid-setting concrete to save time.,hardening,"the process of becoming firm, solid, or fixed after being soft or liquid"
1738,set,She found that the gel set much faster in the cold.,hardening,"the process of becoming firm, solid, or fixed after being soft or liquid"
1739,set,He noted the time at which the resin began to set.,hardening,"the process of becoming firm, solid, or fixed after being soft or liquid"
1740,set,She applied the sealant and waited for it to set completely.,hardening,"the process of becoming firm, solid, or fixed after being soft or liquid"
1741,set,She won the first set six games to two.,tennis set,a group of games that form one unit of a tennis match
1742,set,He lost the set after failing to convert a set point.,tennis set,a group of games that form one unit of a tennis match
1743,set,She fought back to take the second set in a tie-break.,tennis set,a group of games that form one unit of a tennis match
1744,set,He dominated the third set and closed out the match.,tennis set,a group of games that form one unit of a tennis match
1745,set,She needed only two sets to beat her opponent.,tennis set,a group of games that form one unit of a tennis match
1746,set,He served brilliantly throughout the entire first set.,tennis set,a group of games that form one unit of a tennis match
1747,set,She lost the opening set but won the following two.,tennis set,a group of games that form one unit of a tennis match
1748,set,He watched the set go to deuce in every game.,tennis set,a group of games that form one unit of a tennis match
1749,set,She was trailing in the final set when the rain came.,tennis set,a group of games that form one unit of a tennis match
1750,set,He fell behind two sets to love before recovering.,tennis set,a group of games that form one unit of a tennis match
1751,set,She kept the set alive with a stunning forehand winner.,tennis set,a group of games that form one unit of a tennis match
1752,set,He took the set on a double fault from his opponent.,tennis set,a group of games that form one unit of a tennis match
1753,set,She saved three set points before winning.,tennis set,a group of games that form one unit of a tennis match
1754,set,He struggled to hold his serve in the second set.,tennis set,a group of games that form one unit of a tennis match
1755,set,She celebrated loudly when she clinched the set.,tennis set,a group of games that form one unit of a tennis match
1756,sound,She was startled by the sudden loud sound from outside.,vibration heard,vibrations that travel through the air and are heard by the ear
1757,sound,He listened carefully to every sound in the forest.,vibration heard,vibrations that travel through the air and are heard by the ear
1758,sound,She turned up the volume to hear the sound more clearly.,vibration heard,vibrations that travel through the air and are heard by the ear
1759,sound,He described the sound as something between a hiss and a crack.,vibration heard,vibrations that travel through the air and are heard by the ear
1760,sound,She loved the sound of rain on the roof at night.,vibration heard,vibrations that travel through the air and are heard by the ear
1761,sound,He used headphones to block out all external sound.,vibration heard,vibrations that travel through the air and are heard by the ear
1762,sound,She could hear the faint sound of music from upstairs.,vibration heard,vibrations that travel through the air and are heard by the ear
1763,sound,He recorded the sound of the waterfall for his documentary.,vibration heard,vibrations that travel through the air and are heard by the ear
1764,sound,She was woken by an unusual sound in the middle of the night.,vibration heard,vibrations that travel through the air and are heard by the ear
1765,sound,He muted the sound on the television to take the call.,vibration heard,vibrations that travel through the air and are heard by the ear
1766,sound,She found the constant hum of the machine an irritating sound.,vibration heard,vibrations that travel through the air and are heard by the ear
1767,sound,He tested the sound level before the concert began.,vibration heard,vibrations that travel through the air and are heard by the ear
1768,sound,She identified the bird from its distinctive sound.,vibration heard,vibrations that travel through the air and are heard by the ear
1769,sound,He turned down the sound so as not to disturb the others.,vibration heard,vibrations that travel through the air and are heard by the ear
1770,sound,She described the sound as hollow and eerie.,vibration heard,vibrations that travel through the air and are heard by the ear
1771,sound,The doctor confirmed that her health was perfectly sound.,in good condition,"in good condition, showing good judgment, or healthy"
1772,sound,He offered sound advice based on years of experience.,in good condition,"in good condition, showing good judgment, or healthy"
1773,sound,She made a sound argument that convinced the committee.,in good condition,"in good condition, showing good judgment, or healthy"
1774,sound,He checked that the structure was sound before entering.,in good condition,"in good condition, showing good judgment, or healthy"
1775,sound,She felt sound in mind and body after the break.,in good condition,"in good condition, showing good judgment, or healthy"
1776,sound,He gave sound financial advice to all his clients.,in good condition,"in good condition, showing good judgment, or healthy"
1777,sound,She chose the most sound approach available.,in good condition,"in good condition, showing good judgment, or healthy"
1778,sound,He was pleased that the foundations of the house were sound.,in good condition,"in good condition, showing good judgment, or healthy"
1779,sound,She applied sound judgment throughout the crisis.,in good condition,"in good condition, showing good judgment, or healthy"
1780,sound,He assured her that the investment was perfectly sound.,in good condition,"in good condition, showing good judgment, or healthy"
1781,sound,She checked that the legal basis for the claim was sound.,in good condition,"in good condition, showing good judgment, or healthy"
1782,sound,He was known for his sound and reliable decisions.,in good condition,"in good condition, showing good judgment, or healthy"
1783,sound,She received a sound education that served her well.,in good condition,"in good condition, showing good judgment, or healthy"
1784,sound,He kept the boat in sound condition through regular maintenance.,in good condition,"in good condition, showing good judgment, or healthy"
1785,sound,She said the building work was sound and would last decades.,in good condition,"in good condition, showing good judgment, or healthy"
1786,sound,The ship navigated carefully through the narrow sound.,body of water,a relatively narrow stretch of water between land masses
1787,sound,She sailed across the sound in the early morning calm.,body of water,a relatively narrow stretch of water between land masses
1788,sound,He charted the depth of the sound before the voyage.,body of water,a relatively narrow stretch of water between land masses
1789,sound,The sound was treacherous in winter because of the currents.,body of water,a relatively narrow stretch of water between land masses
1790,sound,She anchored in the sheltered cove within the sound.,body of water,a relatively narrow stretch of water between land masses
1791,sound,He fished the sound and caught salmon.,body of water,a relatively narrow stretch of water between land masses
1792,sound,The sound connected two larger bodies of water.,body of water,a relatively narrow stretch of water between land masses
1793,sound,She identified the sound on the nautical chart.,body of water,a relatively narrow stretch of water between land masses
1794,sound,He crossed the sound by ferry rather than sail.,body of water,a relatively narrow stretch of water between land masses
1795,sound,The mist settled over the sound in the early morning.,body of water,a relatively narrow stretch of water between land masses
1796,sound,She admired the view across the sound to the mountains beyond.,body of water,a relatively narrow stretch of water between land masses
1797,sound,He recorded the tidal currents through the sound.,body of water,a relatively narrow stretch of water between land masses
1798,sound,The sound narrowed considerably toward the northern end.,body of water,a relatively narrow stretch of water between land masses
1799,sound,She kayaked through the sound over three days.,body of water,a relatively narrow stretch of water between land masses
1800,sound,He described the sound as one of the most beautiful he had sailed.,body of water,a relatively narrow stretch of water between land masses
1801,sound,That sounds like a brilliant idea.,to seem,to give a particular impression when heard or described
1802,sound,He sounded nervous during the presentation.,to seem,to give a particular impression when heard or described
1803,sound,"She sounded certain, which reassured the team.",to seem,to give a particular impression when heard or described
1804,sound,It sounded as if he had been running.,to seem,to give a particular impression when heard or described
1805,sound,She sounded genuine when she apologised.,to seem,to give a particular impression when heard or described
1806,sound,That sounds too good to be true.,to seem,to give a particular impression when heard or described
1807,sound,He sounded tired on the phone.,to seem,to give a particular impression when heard or described
1808,sound,She sounded excited about the new project.,to seem,to give a particular impression when heard or described
1809,sound,That sounds about right to me.,to seem,to give a particular impression when heard or described
1810,sound,He sounded different after the holiday.,to seem,to give a particular impression when heard or described
1811,sound,She sounded disappointed with the result.,to seem,to give a particular impression when heard or described
1812,sound,It sounded like the storm had passed.,to seem,to give a particular impression when heard or described
1813,sound,He sounded hesitant when asked about his plans.,to seem,to give a particular impression when heard or described
1814,sound,She sounded confident despite the setback.,to seem,to give a particular impression when heard or described
1815,sound,That sounds exactly like something he would do.,to seem,to give a particular impression when heard or described
